GC_File	GC_Psi	GC_Pop1	GC_Pop1_No	GC_Pop2	GC_Pop2_No	GC_Tract_No	GC_Sites	GC_Phi
GeneConversion_01a_AR_CH	 0.00009	AR	15	CH	9	  12	 124	11111.1111111111
GeneConversion_01a_AR_CU	 0.00024	AR	15	CU	3	  10	 210	4166.66666666667
GeneConversion_01a_AR_PP	 0.00008	AR	15	PP	10	  7	 124	12500
GeneConversion_01a_AR_ST	 0.00012	AR	15	ST	8	  10	 141	8333.33333333333
GeneConversion_01a_AR_TL	 0.00007	AR	15	TL	9	  7	 104	14285.7142857143
GeneConversion_01a_CH_CU	 0.00016	CH	9	CU	3	  8	 140	6250
GeneConversion_01a_CH_TL	 0.00007	CH	9	TL	9	  9	 75	14285.7142857143
GeneConversion_01a_PP_CH	 0.00006	PP	10	CH	9	  5	 56	16666.6666666667
GeneConversion_01a_PP_CU	 0.00023	PP	10	CU	3	  4	 220	4347.82608695652
GeneConversion_01a_PP_TL	 0.00005	PP	10	TL	9	  3	 53	20000
GeneConversion_01a_ST_CH	 0.00008	ST	8	CH	9	  5	 72	12500
GeneConversion_01a_ST_CU	 0.00014	ST	8	CU	3	  5	 77	7142.85714285714
GeneConversion_01a_ST_PP	 0.00005	ST	8	PP	10	  4	 53	20000
GeneConversion_01a_ST_TL	 0.00008	ST	8	TL	9	  5	 71	12500
GeneConversion_01a_TL_CU	 0.00019	TL	9	CU	3	  9	 174	5263.15789473684
GeneConversion_01b_AR_CH	 0.00014	AR	15	CH	9	  29	 198	7142.85714285714
GeneConversion_01b_AR_CU	 0.00016	AR	15	CU	3	  19	 197	6250
GeneConversion_01b_AR_PP	 0.00017	AR	15	PP	10	  23	 236	5882.35294117647
GeneConversion_01b_AR_ST	 0.00013	AR	15	ST	8	  16	 164	7692.30769230769
GeneConversion_01b_AR_TL	 0.00013	AR	15	TL	9	  25	 178	7692.30769230769
GeneConversion_01b_CH_CU	 0.00034	CH	9	CU	3	  23	 398	2941.17647058824
GeneConversion_01b_CH_TL	 0.00009	CH	9	TL	9	  18	 103	11111.1111111111
GeneConversion_01b_PP_CH	 0.00012	PP	10	CH	9	  15	 116	8333.33333333333
GeneConversion_01b_PP_CU	 0.00036	PP	10	CU	3	  18	 401	2777.77777777778
GeneConversion_01b_PP_TL	 0.00011	PP	10	TL	9	  16	 117	9090.90909090909
GeneConversion_01b_ST_CH	 0.00007	ST	8	CH	9	  11	 70	14285.7142857143
GeneConversion_01b_ST_CU	 0.00006	ST	8	CU	3	  3	 35	16666.6666666667
GeneConversion_01b_ST_PP	 0.00013	ST	8	PP	10	  16	 122	7692.30769230769
GeneConversion_01b_ST_TL	 0.00009	ST	8	TL	9	  13	 88	11111.1111111111
GeneConversion_01b_TL_CU	 0.00033	TL	9	CU	3	  30	 389	3030.30303030303
GeneConversion_01c_AR_CH	 0.00017	AR	15	CH	9	  36	 231	5882.35294117647
GeneConversion_01c_AR_CU	 0.00030	AR	15	CU	3	  17	 367	3333.33333333333
GeneConversion_01c_AR_PP	 0.00030	AR	15	PP	10	  29	 382	3333.33333333333
GeneConversion_01c_AR_ST	 0.00018	AR	15	ST	8	  37	 210	5555.55555555556
GeneConversion_01c_AR_TL	 0.00013	AR	15	TL	9	  32	 191	7692.30769230769
GeneConversion_01c_CH_CU	 0.00045	CH	9	CU	3	  36	 552	2222.22222222222
GeneConversion_01c_CH_TL	 0.00018	CH	9	TL	9	  37	 195	5555.55555555556
GeneConversion_01c_PP_CH	 0.00030	PP	10	CH	9	  30	 298	3333.33333333333
GeneConversion_01c_PP_CU	 0.00053	PP	10	CU	3	  32	 626	1886.79245283019
GeneConversion_01c_PP_TL	 0.00024	PP	10	TL	9	  24	 235	4166.66666666667
GeneConversion_01c_ST_CH	 0.00009	ST	8	CH	9	  12	 84	11111.1111111111
GeneConversion_01c_ST_CU	 0.00010	ST	8	CU	3	  13	 63	10000
GeneConversion_01c_ST_PP	 0.00027	ST	8	PP	10	  24	 252	3703.7037037037
GeneConversion_01c_ST_TL	 0.00013	ST	8	TL	9	  30	 126	7692.30769230769
GeneConversion_01c_TL_CU	 0.00043	TL	9	CU	3	  31	 526	2325.58139534884
GeneConversion_01d_AR_CH	 0.00018	AR	15	CH	9	  39	 306	5555.55555555556
GeneConversion_01d_AR_CU	 0.00040	AR	15	CU	3	  37	 530	2500
GeneConversion_01d_AR_PP	 0.00041	AR	15	PP	10	  55	 540	2439.0243902439
GeneConversion_01d_AR_ST	 0.00020	AR	15	ST	8	  42	 280	5000
GeneConversion_01d_AR_TL	 0.00020	AR	15	TL	9	  30	 312	5000
GeneConversion_01d_CH_CU	 0.00053	CH	9	CU	3	  54	 705	1886.79245283019
GeneConversion_01d_CH_TL	 0.00019	CH	9	TL	9	  37	 235	5263.15789473684
GeneConversion_01d_PP_CH	 0.00032	PP	10	CH	9	  35	 322	3125
GeneConversion_01d_PP_CU	 0.00060	PP	10	CU	3	  39	 776	1666.66666666667
GeneConversion_01d_PP_TL	 0.00041	PP	10	TL	9	  45	 389	2439.0243902439
GeneConversion_01d_ST_CH	 0.00011	ST	8	CH	9	  26	 113	9090.90909090909
GeneConversion_01d_ST_CU	 0.00005	ST	8	CU	3	  5	 34	20000
GeneConversion_01d_ST_PP	 0.00034	ST	8	PP	10	  40	 330	2941.17647058824
GeneConversion_01d_ST_TL	 0.00013	ST	8	TL	9	  26	 140	7692.30769230769
GeneConversion_01d_TL_CU	 0.00051	TL	9	CU	3	  49	 697	1960.78431372549
GeneConversion_01e_AR_CH	 0.00027	AR	15	CH	9	  63	 387	3703.7037037037
GeneConversion_01e_AR_CU	 0.00057	AR	15	CU	3	  54	 670	1754.38596491228
GeneConversion_01e_AR_PP	 0.00060	AR	15	PP	10	  51	 668	1666.66666666667
GeneConversion_01e_AR_ST	 0.00019	AR	15	ST	8	  41	 251	5263.15789473684
GeneConversion_01e_AR_TL	 0.00024	AR	15	TL	9	  55	 337	4166.66666666667
GeneConversion_01e_CH_CU	 0.00072	CH	9	CU	3	  59	 838	1388.88888888889
GeneConversion_01e_CH_TL	 0.00023	CH	9	TL	9	  39	 250	4347.82608695652
GeneConversion_01e_PP_CH	 0.00046	PP	10	CH	9	  38	 379	2173.91304347826
GeneConversion_01e_PP_CU	 0.00087	PP	10	CU	3	  46	 960	1149.42528735632
GeneConversion_01e_PP_TL	 0.00041	PP	10	TL	9	  38	 351	2439.0243902439
GeneConversion_01e_ST_CH	 0.00015	ST	8	CH	9	  25	 145	6666.66666666667
GeneConversion_01e_ST_CU	 0.00008	ST	8	CU	3	  11	 51	12500
GeneConversion_01e_ST_PP	 0.00045	ST	8	PP	10	  44	 362	2222.22222222222
GeneConversion_01e_ST_TL	 0.00013	ST	8	TL	9	  28	 125	7692.30769230769
GeneConversion_01e_TL_CU	 0.00066	TL	9	CU	3	  59	 789	1515.15151515152
GeneConversion_01f_AR_CH	 0.00023	AR	15	CH	9	  62	 355	4347.82608695652
GeneConversion_01f_AR_CU	 0.00063	AR	15	CU	3	  58	 839	1587.30158730159
GeneConversion_01f_AR_PP	 0.00032	AR	15	PP	10	  46	 489	3125
GeneConversion_01f_AR_ST	 0.00024	AR	15	ST	8	  56	 338	4166.66666666667
GeneConversion_01f_AR_TL	 0.00026	AR	15	TL	9	  66	 426	3846.15384615385
GeneConversion_01f_CH_CU	 0.00068	CH	9	CU	3	  65	 918	1470.58823529412
GeneConversion_01f_CH_TL	 0.00018	CH	9	TL	9	  33	 218	5555.55555555556
GeneConversion_01f_PP_CH	 0.00021	PP	10	CH	9	  40	 223	4761.90476190476
GeneConversion_01f_PP_CU	 0.00073	PP	10	CU	3	  52	 966	1369.86301369863
GeneConversion_01f_PP_TL	 0.00021	PP	10	TL	9	  32	 233	4761.90476190476
GeneConversion_01f_ST_CH	 0.00014	ST	8	CH	9	  30	 139	7142.85714285714
GeneConversion_01f_ST_CU	 0.00006	ST	8	CU	3	  5	 43	16666.6666666667
GeneConversion_01f_ST_PP	 0.00022	ST	8	PP	10	  28	 225	4545.45454545455
GeneConversion_01f_ST_TL	 0.00010	ST	8	TL	9	  21	 114	10000
GeneConversion_01f_TL_CU	 0.00068	TL	9	CU	3	  66	 925	1470.58823529412
GeneConversion_01g_AR_CH	 0.00014	AR	15	CH	9	  35	 207	7142.85714285714
GeneConversion_01g_AR_CU	 0.00053	AR	15	CU	3	  59	 551	1886.79245283019
GeneConversion_01g_AR_PP	 0.00025	AR	15	PP	10	  27	 367	4000
GeneConversion_01g_AR_ST	 0.00016	AR	15	ST	8	  35	 202	6250
GeneConversion_01g_AR_TL	 0.00018	AR	15	TL	9	  45	 264	5555.55555555556
GeneConversion_01g_CH_CU	 0.00060	CH	9	CU	3	  36	 646	1666.66666666667
GeneConversion_01g_CH_TL	 0.00015	CH	9	TL	9	  25	 159	6666.66666666667
GeneConversion_01g_PP_CH	 0.00015	PP	10	CH	9	  21	 148	6666.66666666667
GeneConversion_01g_PP_CU	 0.00070	PP	10	CU	3	  52	 718	1428.57142857143
GeneConversion_01g_PP_TL	 0.00017	PP	10	TL	9	  24	 164	5882.35294117647
GeneConversion_01g_ST_CH	 0.00009	ST	8	CH	9	  15	 84	11111.1111111111
GeneConversion_01g_ST_CU	 0.00019	ST	8	CU	3	  11	 110	5263.15789473684
GeneConversion_01g_ST_PP	 0.00017	ST	8	PP	10	  28	 141	5882.35294117647
GeneConversion_01g_ST_TL	 0.00008	ST	8	TL	9	  12	 78	12500
GeneConversion_01g_TL_CU	 0.00061	TL	9	CU	3	  53	 666	1639.34426229508
GeneConversion_02a_AR_CH	 0.00018	AR	15	CH	9	  37	 228	5555.55555555556
GeneConversion_02a_AR_CU	 0.00056	AR	15	CU	3	  25	 437	1785.71428571429
GeneConversion_02a_AR_PP	 0.00043	AR	15	PP	10	  32	 430	2325.58139534884
GeneConversion_02a_AR_ST	 0.00013	AR	15	ST	8	  25	 150	7692.30769230769
GeneConversion_02a_AR_TL	 0.00018	AR	15	TL	9	  39	 236	5555.55555555556
GeneConversion_02a_CH_CU	 0.00052	CH	9	CU	3	  24	 446	1923.07692307692
GeneConversion_02a_CH_TL	 0.00016	CH	9	TL	9	  28	 158	6250
GeneConversion_02a_PP_CH	 0.00045	PP	10	CH	9	  38	 330	2222.22222222222
GeneConversion_02a_PP_CU	 0.00072	PP	10	CU	3	  25	 558	1388.88888888889
GeneConversion_02a_PP_TL	 0.00037	PP	10	TL	9	  36	 288	2702.7027027027
GeneConversion_02a_ST_CH	 0.00011	ST	8	CH	9	  19	 95	9090.90909090909
GeneConversion_02a_ST_CU	 0.00028	ST	8	CU	3	  9	 140	3571.42857142857
GeneConversion_02a_ST_PP	 0.00041	ST	8	PP	10	  29	 265	2439.0243902439
GeneConversion_02a_ST_TL	 0.00011	ST	8	TL	9	  15	 95	9090.90909090909
GeneConversion_02a_TL_CU	 0.00054	TL	9	CU	3	  27	 455	1851.85185185185
GeneConversion_02b_AR_CH	 0.00031	AR	15	CH	9	  74	 468	3225.8064516129
GeneConversion_02b_AR_CU	 0.00091	AR	15	CU	3	  55	 910	1098.9010989011
GeneConversion_02b_AR_PP	 0.00106	AR	15	PP	10	  76	 1185	943.396226415094
GeneConversion_02b_AR_ST	 0.00035	AR	15	ST	8	  68	 505	2857.14285714286
GeneConversion_02b_AR_TL	 0.00032	AR	15	TL	9	  73	 466	3125
GeneConversion_02b_CH_CU	 0.00088	CH	9	CU	3	  54	 937	1136.36363636364
GeneConversion_02b_CH_TL	 0.00026	CH	9	TL	9	  60	 308	3846.15384615385
GeneConversion_02b_PP_CH	 0.00088	PP	10	CH	9	  67	 805	1136.36363636364
GeneConversion_02b_PP_CU	 0.00123	PP	10	CU	3	  44	 1202	813.008130081301
GeneConversion_02b_PP_TL	 0.00086	PP	10	TL	9	  69	 791	1162.79069767442
GeneConversion_02b_ST_CH	 0.00019	ST	8	CH	9	  33	 198	5263.15789473684
GeneConversion_02b_ST_CU	 0.00046	ST	8	CU	3	  27	 288	2173.91304347826
GeneConversion_02b_ST_PP	 0.00103	ST	8	PP	10	  77	 886	970.873786407767
GeneConversion_02b_ST_TL	 0.00020	ST	8	TL	9	  29	 212	5000
GeneConversion_02b_TL_CU	 0.00092	TL	9	CU	3	  48	 974	1086.95652173913
GeneConversion_02c_AR_CH	 0.00049	AR	15	CH	9	  122	 762	2040.81632653061
GeneConversion_02c_AR_CU	 0.00120	AR	15	CU	3	  96	 1118	833.333333333333
GeneConversion_02c_AR_PP	 0.00429	AR	15	PP	10	  134	 2843	233.100233100233
GeneConversion_02c_AR_ST	 0.00031	AR	15	ST	8	  70	 433	3225.8064516129
GeneConversion_02c_AR_TL	 0.00040	AR	15	TL	9	  89	 612	2500
GeneConversion_02c_CH_CU	 0.00116	CH	9	CU	3	  82	 1153	862.068965517241
GeneConversion_02c_CH_TL	 0.00047	CH	9	TL	9	  89	 553	2127.65957446809
GeneConversion_02c_PP_CH	 0.00395	PP	10	CH	9	  91	 2227	253.164556962025
GeneConversion_02c_PP_CU	 0.00293	PP	10	CU	3	  77	 2267	341.296928327645
GeneConversion_02c_PP_TL	 0.00392	PP	10	TL	9	  79	 2301	255.102040816327
GeneConversion_02c_ST_CH	 0.00029	ST	8	CH	9	  56	 300	3448.27586206897
GeneConversion_02c_ST_CU	 0.00068	ST	8	CU	3	  40	 433	1470.58823529412
GeneConversion_02c_ST_PP	 0.00404	ST	8	PP	10	  95	 2155	247.524752475248
GeneConversion_02c_ST_TL	 0.00026	ST	8	TL	9	  47	 270	3846.15384615385
GeneConversion_02c_TL_CU	 0.00099	TL	9	CU	3	  69	 1037	1010.10101010101
GeneConversion_03a_AR_CH	 0.00046	AR	15	CH	9	  106	 700	2173.91304347826
GeneConversion_03a_AR_CU	 0.00133	AR	15	CU	3	  108	 1165	751.87969924812
GeneConversion_03a_AR_PP	 0.00990	AR	15	PP	10	  131	 4434	101.010101010101
GeneConversion_03a_AR_ST	 0.00038	AR	15	ST	8	  63	 527	2631.57894736842
GeneConversion_03a_AR_TL	 0.00041	AR	15	TL	9	  87	 622	2439.0243902439
GeneConversion_03a_CH_CU	 0.00134	CH	9	CU	3	  83	 1245	746.268656716418
GeneConversion_03a_CH_TL	 0.00046	CH	9	TL	9	  76	 540	2173.91304347826
GeneConversion_03a_PP_CH	 0.00935	PP	10	CH	9	  80	 3733	106.951871657754
GeneConversion_03a_PP_CU	 0.00607	PP	10	CU	3	  62	 3679	164.744645799012
GeneConversion_03a_PP_TL	 0.00925	PP	10	TL	9	  94	 3729	108.108108108108
GeneConversion_03a_ST_CH	 0.00024	ST	8	CH	9	  32	 239	4166.66666666667
GeneConversion_03a_ST_CU	 0.00080	ST	8	CU	3	  44	 481	1250
GeneConversion_03a_ST_PP	 0.00941	ST	8	PP	10	  113	 3644	106.269925611052
GeneConversion_03a_ST_TL	 0.00028	ST	8	TL	9	  44	 269	3571.42857142857
GeneConversion_03a_TL_CU	 0.00131	TL	9	CU	3	  78	 1230	763.358778625954
GeneConversion_03b_AR_CH	 0.00058	AR	15	CH	9	  119	 906	1724.13793103448
GeneConversion_03b_AR_CU	 0.00098	AR	15	CU	3	  87	 1005	1020.40816326531
GeneConversion_03b_AR_PP	 0.01110	AR	15	PP	10	  123	 4558	90.0900900900901
GeneConversion_03b_AR_ST	 0.00028	AR	15	ST	8	  70	 414	3571.42857142857
GeneConversion_03b_AR_TL	 0.00038	AR	15	TL	9	  78	 610	2631.57894736842
GeneConversion_03b_CH_CU	 0.00110	CH	9	CU	3	  73	 1195	909.090909090909
GeneConversion_03b_CH_TL	 0.00043	CH	9	TL	9	  63	 512	2325.58139534884
GeneConversion_03b_PP_CH	 0.01052	PP	10	CH	9	  95	 3992	95.0570342205323
GeneConversion_03b_PP_CU	 0.00638	PP	10	CU	3	  68	 3966	156.739811912226
GeneConversion_03b_PP_TL	 0.01063	PP	10	TL	9	  105	 4016	94.0733772342427
GeneConversion_03b_ST_CH	 0.00028	ST	8	CH	9	  54	 289	3571.42857142857
GeneConversion_03b_ST_CU	 0.00051	ST	8	CU	3	  32	 336	1960.78431372549
GeneConversion_03b_ST_PP	 0.01079	ST	8	PP	10	  114	 3934	92.678405931418
GeneConversion_03b_ST_TL	 0.00027	ST	8	TL	9	  49	 284	3703.7037037037
GeneConversion_03b_TL_CU	 0.00110	TL	9	CU	3	  88	 1196	909.090909090909
GeneConversion_03c_AR_CH	 0.00083	AR	15	CH	9	  141	 1013	1204.81927710843
GeneConversion_03c_AR_CU	 0.00132	AR	15	CU	3	  93	 1203	757.575757575758
GeneConversion_03c_AR_PP	 0.01239	AR	15	PP	10	  177	 5415	80.7102502017756
GeneConversion_03c_AR_ST	 0.00053	AR	15	ST	8	  96	 720	1886.79245283019
GeneConversion_03c_AR_TL	 0.00047	AR	15	TL	9	  104	 656	2127.65957446809
GeneConversion_03c_CH_CU	 0.00146	CH	9	CU	3	  82	 1433	684.931506849315
GeneConversion_03c_CH_TL	 0.00074	CH	9	TL	9	  110	 840	1351.35135135135
GeneConversion_03c_PP_CH	 0.01201	PP	10	CH	9	  160	 4654	83.2639467110741
GeneConversion_03c_PP_CU	 0.00682	PP	10	CU	3	  123	 3805	146.627565982405
GeneConversion_03c_PP_TL	 0.01146	PP	10	TL	9	  151	 4214	87.260034904014
GeneConversion_03c_ST_CH	 0.00060	ST	8	CH	9	  66	 574	1666.66666666667
GeneConversion_03c_ST_CU	 0.00079	ST	8	CU	3	  38	 474	1265.82278481013
GeneConversion_03c_ST_PP	 0.01169	ST	8	PP	10	  160	 4346	85.5431993156544
GeneConversion_03c_ST_TL	 0.00040	ST	8	TL	9	  59	 372	2500
GeneConversion_03c_TL_CU	 0.00127	TL	9	CU	3	  92	 1208	787.40157480315
GeneConversion_03d_AR_CH	 0.00054	AR	15	CH	9	  110	 824	1851.85185185185
GeneConversion_03d_AR_CU	 0.00109	AR	15	CU	3	  102	 1084	917.43119266055
GeneConversion_03d_AR_PP	 0.01209	AR	15	PP	10	  162	 5296	82.7129859387924
GeneConversion_03d_AR_ST	 0.00029	AR	15	ST	8	  59	 391	3448.27586206897
GeneConversion_03d_AR_TL	 0.00045	AR	15	TL	9	  95	 671	2222.22222222222
GeneConversion_03d_CH_CU	 0.00114	CH	9	CU	3	  84	 1250	877.19298245614
GeneConversion_03d_CH_TL	 0.00058	CH	9	TL	9	  112	 684	1724.13793103448
GeneConversion_03d_PP_CH	 0.01159	PP	10	CH	9	  106	 4698	86.2812769628991
GeneConversion_03d_PP_CU	 0.00699	PP	10	CU	3	  69	 4389	143.061516452074
GeneConversion_03d_PP_TL	 0.01156	PP	10	TL	9	  106	 4607	86.5051903114187
GeneConversion_03d_ST_CH	 0.00025	ST	8	CH	9	  25	 267	4000
GeneConversion_03d_ST_CU	 0.00053	ST	8	CU	3	  32	 346	1886.79245283019
GeneConversion_03d_ST_PP	 0.01156	ST	8	PP	10	  122	 4443	86.5051903114187
GeneConversion_03d_ST_TL	 0.00031	ST	8	TL	9	  64	 323	3225.8064516129
GeneConversion_03d_TL_CU	 0.00107	TL	9	CU	3	  77	 1167	934.579439252336
GeneConversion_03e_AR_CH	 0.00076	AR	15	CH	9	  116	 1083	1315.78947368421
GeneConversion_03e_AR_CU	 0.00116	AR	15	CU	3	  101	 1078	862.068965517241
GeneConversion_03e_AR_PP	 0.00989	AR	15	PP	10	  189	 4648	101.112234580384
GeneConversion_03e_AR_ST	 0.00038	AR	15	ST	8	  99	 500	2631.57894736842
GeneConversion_03e_AR_TL	 0.00051	AR	15	TL	9	  121	 753	1960.78431372549
GeneConversion_03e_CH_CU	 0.00132	CH	9	CU	3	  79	 1330	757.575757575758
GeneConversion_03e_CH_TL	 0.00056	CH	9	TL	9	  82	 671	1785.71428571429
GeneConversion_03e_PP_CH	 0.00962	PP	10	CH	9	  132	 4215	103.950103950104
GeneConversion_03e_PP_CU	 0.00622	PP	10	CU	3	  103	 3930	160.771704180064
GeneConversion_03e_PP_TL	 0.00923	PP	10	TL	9	  150	 3970	108.342361863489
GeneConversion_03e_ST_CH	 0.00036	ST	8	CH	9	  50	 339	2777.77777777778
GeneConversion_03e_ST_CU	 0.00060	ST	8	CU	3	  41	 364	1666.66666666667
GeneConversion_03e_ST_PP	 0.00937	ST	8	PP	10	  161	 3850	106.723585912487
GeneConversion_03e_ST_TL	 0.00034	ST	8	TL	9	  67	 325	2941.17647058824
GeneConversion_03e_TL_CU	 0.00124	TL	9	CU	3	  92	 1226	806.451612903226
GeneConversion_03f_AR_CH	 0.00056	AR	15	CH	9	  91	 766	1785.71428571429
GeneConversion_03f_AR_CU	 0.00091	AR	15	CU	3	  111	 912	1098.9010989011
GeneConversion_03f_AR_PP	 0.00887	AR	15	PP	10	  141	 4180	112.739571589628
GeneConversion_03f_AR_ST	 0.00031	AR	15	ST	8	  75	 433	3225.8064516129
GeneConversion_03f_AR_TL	 0.00037	AR	15	TL	9	  77	 554	2702.7027027027
GeneConversion_03f_CH_CU	 0.00109	CH	9	CU	3	  85	 1163	917.43119266055
GeneConversion_03f_CH_TL	 0.00049	CH	9	TL	9	  40	 553	2040.81632653061
GeneConversion_03f_PP_CH	 0.00877	PP	10	CH	9	  122	 3662	114.025085518814
GeneConversion_03f_PP_CU	 0.00530	PP	10	CU	3	  90	 3354	188.679245283019
GeneConversion_03f_PP_TL	 0.00854	PP	10	TL	9	  132	 3519	117.096018735363
GeneConversion_03f_ST_CH	 0.00041	ST	8	CH	9	  57	 410	2439.0243902439
GeneConversion_03f_ST_CU	 0.00041	ST	8	CU	3	  23	 263	2439.0243902439
GeneConversion_03f_ST_PP	 0.00857	ST	8	PP	10	  119	 3501	116.686114352392
GeneConversion_03f_ST_TL	 0.00043	ST	8	TL	9	  53	 434	2325.58139534884
GeneConversion_03f_TL_CU	 0.00100	TL	9	CU	3	  72	 1087	1000
GeneConversion_03g_AR_CH	 0.00100	AR	15	CH	9	  159	 1093	1000
GeneConversion_03g_AR_CU	 0.00098	AR	15	CU	3	  86	 926	1020.40816326531
GeneConversion_03g_AR_PP	 0.01011	AR	15	PP	10	  155	 4363	98.9119683481701
GeneConversion_03g_AR_ST	 0.00035	AR	15	ST	8	  83	 485	2857.14285714286
GeneConversion_03g_AR_TL	 0.00063	AR	15	TL	9	  133	 904	1587.30158730159
GeneConversion_03g_CH_CU	 0.00128	CH	9	CU	3	  90	 1267	781.25
GeneConversion_03g_CH_TL	 0.00110	CH	9	TL	9	  95	 1125	909.090909090909
GeneConversion_03g_PP_CH	 0.01019	PP	10	CH	9	  112	 4045	98.135426889107
GeneConversion_03g_PP_CU	 0.00604	PP	10	CU	3	  68	 3759	165.562913907285
GeneConversion_03g_PP_TL	 0.00981	PP	10	TL	9	  122	 3933	101.936799184506
GeneConversion_03g_ST_CH	 0.00081	ST	8	CH	9	  83	 799	1234.56790123457
GeneConversion_03g_ST_CU	 0.00054	ST	8	CU	3	  29	 336	1851.85185185185
GeneConversion_03g_ST_PP	 0.00962	ST	8	PP	10	  103	 3719	103.950103950104
GeneConversion_03g_ST_TL	 0.00033	ST	8	TL	9	  56	 341	3030.30303030303
GeneConversion_03g_TL_CU	 0.00109	TL	9	CU	3	  75	 1097	917.43119266055
GeneConversion_03h_AR_CH	 0.00135	AR	15	CH	9	  134	 1281	740.740740740741
GeneConversion_03h_AR_CU	 0.00120	AR	15	CU	3	  110	 1196	833.333333333333
GeneConversion_03h_AR_PP	 0.00733	AR	15	PP	10	  182	 4060	136.425648021828
GeneConversion_03h_AR_ST	 0.00044	AR	15	ST	8	  108	 587	2272.72727272727
GeneConversion_03h_AR_TL	 0.00073	AR	15	TL	9	  160	 1085	1369.86301369863
GeneConversion_03h_CH_CU	 0.00204	CH	9	CU	3	  139	 1948	490.196078431373
GeneConversion_03h_CH_TL	 0.00162	CH	9	TL	9	  135	 1463	617.283950617284
GeneConversion_03h_PP_CH	 0.00807	PP	10	CH	9	  163	 3621	123.915737298637
GeneConversion_03h_PP_CU	 0.00483	PP	10	CU	3	  85	 3405	207.03933747412
GeneConversion_03h_PP_TL	 0.00690	PP	10	TL	9	  135	 3566	144.927536231884
GeneConversion_03h_ST_CH	 0.00167	ST	8	CH	9	  132	 1322	598.802395209581
GeneConversion_03h_ST_CU	 0.00066	ST	8	CU	3	  43	 408	1515.15151515152
GeneConversion_03h_ST_PP	 0.00715	ST	8	PP	10	  160	 3409	139.86013986014
GeneConversion_03h_ST_TL	 0.00035	ST	8	TL	9	  55	 345	2857.14285714286
GeneConversion_03h_TL_CU	 0.00129	TL	9	CU	3	  94	 1359	775.193798449612
GeneConversion_03i_AR_CH	 0.00143	AR	15	CH	9	  171	 1289	699.300699300699
GeneConversion_03i_AR_CU	 0.00119	AR	15	CU	3	  91	 1259	840.336134453781
GeneConversion_03i_AR_PP	 0.00663	AR	15	PP	10	  154	 3950	150.829562594268
GeneConversion_03i_AR_ST	 0.00040	AR	15	ST	8	  98	 558	2500
GeneConversion_03i_AR_TL	 0.00061	AR	15	TL	9	  143	 954	1639.34426229508
GeneConversion_03i_CH_CU	 0.00190	CH	9	CU	3	  161	 2029	526.315789473684
GeneConversion_03i_CH_TL	 0.00143	CH	9	TL	9	  132	 1297	699.300699300699
GeneConversion_03i_PP_CH	 0.00720	PP	10	CH	9	  151	 3490	138.888888888889
GeneConversion_03i_PP_CU	 0.00451	PP	10	CU	3	  79	 3396	221.729490022173
GeneConversion_03i_PP_TL	 0.00621	PP	10	TL	9	  127	 3180	161.030595813205
GeneConversion_03i_ST_CH	 0.00145	ST	8	CH	9	  156	 1255	689.655172413793
GeneConversion_03i_ST_CU	 0.00050	ST	8	CU	3	  32	 328	2000
GeneConversion_03i_ST_PP	 0.00606	ST	8	PP	10	  122	 3010	165.016501650165
GeneConversion_03i_ST_TL	 0.00032	ST	8	TL	9	  68	 323	3125
GeneConversion_03i_TL_CU	 0.00130	TL	9	CU	3	  104	 1487	769.230769230769
GeneConversion_03j_AR_CH	 0.00122	AR	15	CH	9	  171	 1236	819.672131147541
GeneConversion_03j_AR_CU	 0.00117	AR	15	CU	3	  120	 1134	854.700854700855
GeneConversion_03j_AR_PP	 0.00671	AR	15	PP	10	  171	 3711	149.03129657228
GeneConversion_03j_AR_ST	 0.00050	AR	15	ST	8	  84	 634	2000
GeneConversion_03j_AR_TL	 0.00055	AR	15	TL	9	  136	 775	1818.18181818182
GeneConversion_03j_CH_CU	 0.00162	CH	9	CU	3	  126	 1680	617.283950617284
GeneConversion_03j_CH_TL	 0.00084	CH	9	TL	9	  52	 870	1190.47619047619
GeneConversion_03j_PP_CH	 0.00707	PP	10	CH	9	  142	 3361	141.442715700141
GeneConversion_03j_PP_CU	 0.00463	PP	10	CU	3	  88	 3232	215.982721382289
GeneConversion_03j_PP_TL	 0.00623	PP	10	TL	9	  130	 3071	160.513643659711
GeneConversion_03j_ST_CH	 0.00115	ST	8	CH	9	  123	 991	869.565217391304
GeneConversion_03j_ST_CU	 0.00057	ST	8	CU	3	  36	 336	1754.38596491228
GeneConversion_03j_ST_PP	 0.00632	ST	8	PP	10	  138	 3018	158.227848101266
GeneConversion_03j_ST_TL	 0.00042	ST	8	TL	9	  71	 387	2380.95238095238
GeneConversion_03j_TL_CU	 0.00121	TL	9	CU	3	  99	 1285	826.446280991736
GeneConversion_03k_AR_CH	 0.00145	AR	15	CH	9	  247	 1611	689.655172413793
GeneConversion_03k_AR_CU	 0.00190	AR	15	CU	3	  173	 1726	526.315789473684
GeneConversion_03k_AR_PP	 0.01098	AR	15	PP	10	  228	 5332	91.0746812386157
GeneConversion_03k_AR_ST	 0.00075	AR	15	ST	8	  129	 957	1333.33333333333
GeneConversion_03k_AR_TL	 0.00109	AR	15	TL	9	  238	 1445	917.43119266055
GeneConversion_03k_CH_CU	 0.00247	CH	9	CU	3	  184	 2458	404.858299595142
GeneConversion_03k_CH_TL	 0.00083	CH	9	TL	9	  101	 908	1204.81927710843
GeneConversion_03k_PP_CH	 0.01123	PP	10	CH	9	  180	 4869	89.0471950133571
GeneConversion_03k_PP_CU	 0.00748	PP	10	CU	3	  116	 5062	133.689839572193
GeneConversion_03k_PP_TL	 0.01029	PP	10	TL	9	  167	 4649	97.1817298347911
GeneConversion_03k_ST_CH	 0.00135	ST	8	CH	9	  162	 1215	740.740740740741
GeneConversion_03k_ST_CU	 0.00101	ST	8	CU	3	  54	 607	990.09900990099
GeneConversion_03k_ST_PP	 0.01074	ST	8	PP	10	  171	 4687	93.1098696461825
GeneConversion_03k_ST_TL	 0.00086	ST	8	TL	9	  129	 801	1162.79069767442
GeneConversion_03k_TL_CU	 0.00181	TL	9	CU	3	  142	 1874	552.486187845304
GeneConversion_03l_AR_CH	 0.00149	AR	15	CH	9	  254	 1830	671.140939597315
GeneConversion_03l_AR_CU	 0.00140	AR	15	CU	3	  130	 1335	714.285714285714
GeneConversion_03l_AR_PP	 0.00842	AR	15	PP	10	  207	 4301	118.764845605701
GeneConversion_03l_AR_ST	 0.00073	AR	15	ST	8	  135	 941	1369.86301369863
GeneConversion_03l_AR_TL	 0.00102	AR	15	TL	9	  193	 1333	980.392156862745
GeneConversion_03l_CH_CU	 0.00163	CH	9	CU	3	  115	 1661	613.496932515337
GeneConversion_03l_CH_TL	 0.00129	CH	9	TL	9	  150	 1465	775.193798449612
GeneConversion_03l_PP_CH	 0.00866	PP	10	CH	9	  147	 4278	115.473441108545
GeneConversion_03l_PP_CU	 0.00566	PP	10	CU	3	  107	 3983	176.678445229682
GeneConversion_03l_PP_TL	 0.00771	PP	10	TL	9	  147	 3650	129.70168612192
GeneConversion_03l_ST_CH	 0.00105	ST	8	CH	9	  128	 973	952.380952380952
GeneConversion_03l_ST_CU	 0.00090	ST	8	CU	3	  55	 575	1111.11111111111
GeneConversion_03l_ST_PP	 0.00831	ST	8	PP	10	  143	 3817	120.336943441637
GeneConversion_03l_ST_TL	 0.00092	ST	8	TL	9	  126	 850	1086.95652173913
GeneConversion_03l_TL_CU	 0.00138	TL	9	CU	3	  134	 1431	724.63768115942
GeneConversion_03m_AR_CH	 0.00263	AR	15	CH	9	  249	 2556	380.228136882129
GeneConversion_03m_AR_CU	 0.00277	AR	15	CU	3	  187	 2322	361.01083032491
GeneConversion_03m_AR_PP	 0.00791	AR	15	PP	10	  203	 4363	126.422250316056
GeneConversion_03m_AR_ST	 0.00107	AR	15	ST	8	  157	 1174	934.579439252336
GeneConversion_03m_AR_TL	 0.00268	AR	15	TL	9	  244	 2383	373.134328358209
GeneConversion_03m_CH_CU	 0.00226	CH	9	CU	3	  138	 2218	442.477876106195
GeneConversion_03m_CH_TL	 0.00151	CH	9	TL	9	  196	 1574	662.251655629139
GeneConversion_03m_PP_CH	 0.00774	PP	10	CH	9	  142	 4081	129.198966408269
GeneConversion_03m_PP_CU	 0.00613	PP	10	CU	3	  93	 4461	163.132137030995
GeneConversion_03m_PP_TL	 0.00736	PP	10	TL	9	  138	 3772	135.869565217391
GeneConversion_03m_ST_CH	 0.00257	ST	8	CH	9	  162	 1807	389.105058365759
GeneConversion_03m_ST_CU	 0.00194	ST	8	CU	3	  56	 1116	515.463917525773
GeneConversion_03m_ST_PP	 0.00813	ST	8	PP	10	  141	 3875	123.0012300123
GeneConversion_03m_ST_TL	 0.00262	ST	8	TL	9	  153	 1701	381.679389312977
GeneConversion_03m_TL_CU	 0.00189	TL	9	CU	3	  135	 1923	529.100529100529
GeneConversion_03n_AR_CH	 0.00628	AR	15	CH	9	  284	 3764	159.235668789809
GeneConversion_03n_AR_CU	 0.00461	AR	15	CU	3	  215	 3377	216.919739696312
GeneConversion_03n_AR_PP	 0.00960	AR	15	PP	10	  204	 4610	104.166666666667
GeneConversion_03n_AR_ST	 0.00113	AR	15	ST	8	  143	 1258	884.955752212389
GeneConversion_03n_AR_TL	 0.00577	AR	15	TL	9	  238	 4170	173.310225303293
GeneConversion_03n_CH_CU	 0.00330	CH	9	CU	3	  157	 2890	303.030303030303
GeneConversion_03n_CH_TL	 0.00266	CH	9	TL	9	  177	 2126	375.93984962406
GeneConversion_03n_PP_CH	 0.01070	PP	10	CH	9	  184	 4633	93.4579439252337
GeneConversion_03n_PP_CU	 0.00723	PP	10	CU	3	  82	 4972	138.312586445367
GeneConversion_03n_PP_TL	 0.00908	PP	10	TL	9	  126	 4158	110.132158590308
GeneConversion_03n_ST_CH	 0.00668	ST	8	CH	9	  211	 3571	149.700598802395
GeneConversion_03n_ST_CU	 0.00362	ST	8	CU	3	  51	 1927	276.243093922652
GeneConversion_03n_ST_PP	 0.00977	ST	8	PP	10	  127	 4190	102.354145342886
GeneConversion_03n_ST_TL	 0.00555	ST	8	TL	9	  137	 2898	180.18018018018
GeneConversion_03n_TL_CU	 0.00184	TL	9	CU	3	  150	 1896	543.478260869565
GeneConversion_03o_AR_CH	 0.00935	AR	15	CH	9	  337	 5225	106.951871657754
GeneConversion_03o_AR_CU	 0.00680	AR	15	CU	3	  196	 5007	147.058823529412
GeneConversion_03o_AR_PP	 0.01170	AR	15	PP	10	  184	 4984	85.4700854700855
GeneConversion_03o_AR_ST	 0.00143	AR	15	ST	8	  172	 1348	699.300699300699
GeneConversion_03o_AR_TL	 0.00972	AR	15	TL	9	  300	 5823	102.880658436214
GeneConversion_03o_CH_CU	 0.00312	CH	9	CU	3	  128	 2905	320.512820512821
GeneConversion_03o_CH_TL	 0.00361	CH	9	TL	9	  152	 2690	277.008310249308
GeneConversion_03o_PP_CH	 0.01208	PP	10	CH	9	  162	 5265	82.7814569536424
GeneConversion_03o_PP_CU	 0.00787	PP	10	CU	3	  73	 5598	127.064803049555
GeneConversion_03o_PP_TL	 0.01083	PP	10	TL	9	  143	 4762	92.3361034164358
GeneConversion_03o_ST_CH	 0.00894	ST	8	CH	9	  200	 4281	111.856823266219
GeneConversion_03o_ST_CU	 0.00520	ST	8	CU	3	  66	 2856	192.307692307692
GeneConversion_03o_ST_PP	 0.01164	ST	8	PP	10	  117	 4408	85.9106529209622
GeneConversion_03o_ST_TL	 0.00889	ST	8	TL	9	  166	 4061	112.485939257593
GeneConversion_03o_TL_CU	 0.00234	TL	9	CU	3	  121	 2342	427.350427350427
GeneConversion_03p_AR_CH	 0.01718	AR	15	CH	9	  225	 6602	58.2072176949942
GeneConversion_03p_AR_CU	 0.01085	AR	15	CU	3	  129	 6888	92.1658986175115
GeneConversion_03p_AR_PP	 0.01746	AR	15	PP	10	  123	 5941	57.2737686139748
GeneConversion_03p_AR_ST	 0.00225	AR	15	ST	8	  144	 1974	444.444444444444
GeneConversion_03p_AR_TL	 0.01821	AR	15	TL	9	  482	 6636	54.9148819330038
GeneConversion_03p_CH_CU	 0.00630	CH	9	CU	3	  84	 4457	158.730158730159
GeneConversion_03p_CH_TL	 0.01509	CH	9	TL	9	  73	 5556	66.2690523525514
GeneConversion_03p_PP_CH	 0.01969	PP	10	CH	9	  115	 6281	50.7872016251905
GeneConversion_03p_PP_CU	 0.01149	PP	10	CU	3	  40	 7115	87.0322019147084
GeneConversion_03p_PP_TL	 0.01729	PP	10	TL	9	  360	 5661	57.8368999421631
GeneConversion_03p_ST_CH	 0.01635	ST	8	CH	9	  115	 5720	61.1620795107034
GeneConversion_03p_ST_CU	 0.00909	ST	8	CU	3	  38	 4749	110.01100110011
GeneConversion_03p_ST_PP	 0.01713	ST	8	PP	10	  65	 5694	58.3771161704612
GeneConversion_03p_ST_TL	 0.01765	ST	8	TL	9	  424	 6029	56.657223796034
GeneConversion_03p_TL_CU	 0.00603	TL	9	CU	3	  163	 4399	165.837479270315
GeneConversion_03q_AR_CH	 0.01026	AR	15	CH	9	  284	 6595	97.4658869395711
GeneConversion_03q_AR_CU	 0.00677	AR	15	CU	3	  181	 5583	147.710487444609
GeneConversion_03q_AR_PP	 0.01055	AR	15	PP	10	  241	 5799	94.7867298578199
GeneConversion_03q_AR_ST	 0.00200	AR	15	ST	8	  201	 2170	500
GeneConversion_03q_AR_TL	 0.01079	AR	15	TL	9	  287	 6898	92.678405931418
GeneConversion_03q_CH_CU	 0.00169	CH	9	CU	3	  148	 2142	591.715976331361
GeneConversion_03q_CH_TL	 0.00357	CH	9	TL	9	  177	 3154	280.112044817927
GeneConversion_03q_PP_CH	 0.01034	PP	10	CH	9	  193	 5395	96.7117988394584
GeneConversion_03q_PP_CU	 0.00716	PP	10	CU	3	  101	 5825	139.664804469274
GeneConversion_03q_PP_TL	 0.00997	PP	10	TL	9	  185	 5380	100.300902708124
GeneConversion_03q_ST_CH	 0.00905	ST	8	CH	9	  181	 4867	110.497237569061
GeneConversion_03q_ST_CU	 0.00509	ST	8	CU	3	  79	 3290	196.463654223969
GeneConversion_03q_ST_PP	 0.01019	ST	8	PP	10	  147	 5218	98.135426889107
GeneConversion_03q_ST_TL	 0.00961	ST	8	TL	9	  176	 5221	104.058272632674
GeneConversion_03q_TL_CU	 0.00252	TL	9	CU	3	  169	 2664	396.825396825397
GeneConversion_04a_AR_CH	 0.01569	AR	15	CH	9	  113	 4262	63.7348629700446
GeneConversion_04a_AR_CU	 0.00960	AR	15	CU	3	  80	 3923	104.166666666667
GeneConversion_04a_AR_PP	 0.01171	AR	15	PP	10	  113	 3841	85.397096498719
GeneConversion_04a_AR_ST	 0.00221	AR	15	ST	8	  121	 1174	452.488687782805
GeneConversion_04a_AR_TL	 0.01582	AR	15	TL	9	  120	 4500	63.2111251580278
GeneConversion_04a_CH_CU	 0.00503	CH	9	CU	3	  34	 2420	198.807157057654
GeneConversion_04a_CH_TL	 0.01457	CH	9	TL	9	  99	 3881	68.6341798215511
GeneConversion_04a_PP_CH	 0.01661	PP	10	CH	9	  84	 4030	60.2046959662854
GeneConversion_04a_PP_CU	 0.00952	PP	10	CU	3	  49	 3849	105.042016806723
GeneConversion_04a_PP_TL	 0.01430	PP	10	TL	9	  104	 3688	69.9300699300699
GeneConversion_04a_ST_CH	 0.01588	ST	8	CH	9	  80	 3746	62.9722921914358
GeneConversion_04a_ST_CU	 0.00887	ST	8	CU	3	  47	 3122	112.739571589628
GeneConversion_04a_ST_PP	 0.01207	ST	8	PP	10	  104	 3330	82.8500414250207
GeneConversion_04a_ST_TL	 0.01574	ST	8	TL	9	  100	 3858	63.5324015247776
GeneConversion_04a_TL_CU	 0.00726	TL	9	CU	3	  55	 3037	137.741046831956
GeneConversion_04b_AR_CH	 0.01781	AR	15	CH	9	  181	 6721	56.1482313307131
GeneConversion_04b_AR_CU	 0.01076	AR	15	CU	3	  114	 5956	92.9368029739777
GeneConversion_04b_AR_PP	 0.01346	AR	15	PP	10	  192	 5775	74.294205052006
GeneConversion_04b_AR_ST	 0.00310	AR	15	ST	8	  227	 2057	322.58064516129
GeneConversion_04b_AR_TL	 0.01818	AR	15	TL	9	  171	 6971	55.005500550055
GeneConversion_04b_CH_CU	 0.00565	CH	9	CU	3	  57	 3576	176.991150442478
GeneConversion_04b_CH_TL	 0.01620	CH	9	TL	9	  122	 5932	61.7283950617284
GeneConversion_04b_PP_CH	 0.01858	PP	10	CH	9	  134	 6151	53.8213132400431
GeneConversion_04b_PP_CU	 0.01084	PP	10	CU	3	  72	 5924	92.2509225092251
GeneConversion_04b_PP_TL	 0.01649	PP	10	TL	9	  143	 5733	60.6428138265616
GeneConversion_04b_ST_CH	 0.01776	ST	8	CH	9	  133	 5837	56.3063063063063
GeneConversion_04b_ST_CU	 0.01008	ST	8	CU	3	  65	 4988	99.2063492063492
GeneConversion_04b_ST_PP	 0.01369	ST	8	PP	10	  124	 5116	73.0460189919649
GeneConversion_04b_ST_TL	 0.01794	ST	8	TL	9	  128	 6006	55.7413600891862
GeneConversion_04b_TL_CU	 0.00837	TL	9	CU	3	  76	 4712	119.4743130227
GeneConversion_04c_AR_CH	 0.01322	AR	15	CH	9	  147	 5374	75.642965204236
GeneConversion_04c_AR_CU	 0.00839	AR	15	CU	3	  93	 4672	119.189511323004
GeneConversion_04c_AR_PP	 0.01250	AR	15	PP	10	  162	 4912	80
GeneConversion_04c_AR_ST	 0.00218	AR	15	ST	8	  155	 1585	458.715596330275
GeneConversion_04c_AR_TL	 0.01553	AR	15	TL	9	  169	 5878	64.3915003219575
GeneConversion_04c_CH_CU	 0.00526	CH	9	CU	3	  53	 3161	190.114068441065
GeneConversion_04c_CH_TL	 0.01348	CH	9	TL	9	  111	 5060	74.1839762611276
GeneConversion_04c_PP_CH	 0.01552	PP	10	CH	9	  101	 5231	64.4329896907216
GeneConversion_04c_PP_CU	 0.00876	PP	10	CU	3	  44	 4833	114.155251141553
GeneConversion_04c_PP_TL	 0.01372	PP	10	TL	9	  126	 4708	72.8862973760933
GeneConversion_04c_ST_CH	 0.01341	ST	8	CH	9	  110	 4634	74.5712155108128
GeneConversion_04c_ST_CU	 0.00788	ST	8	CU	3	  54	 4021	126.903553299492
GeneConversion_04c_ST_PP	 0.01272	ST	8	PP	10	  106	 4414	78.6163522012579
GeneConversion_04c_ST_TL	 0.01546	ST	8	TL	9	  130	 5094	64.6830530401035
GeneConversion_04c_TL_CU	 0.00683	TL	9	CU	3	  65	 3922	146.412884333821
GeneConversion_04d_AR_CH	 0.00813	AR	15	CH	9	  263	 4003	123.0012300123
GeneConversion_04d_AR_CU	 0.00629	AR	15	CU	3	  158	 3804	158.982511923688
GeneConversion_04d_AR_PP	 0.00903	AR	15	PP	10	  236	 4254	110.741971207087
GeneConversion_04d_AR_ST	 0.00312	AR	15	ST	8	  166	 1979	320.512820512821
GeneConversion_04d_AR_TL	 0.01083	AR	15	TL	9	  275	 4713	92.3361034164358
GeneConversion_04d_CH_CU	 0.00428	CH	9	CU	3	  105	 2878	233.644859813084
GeneConversion_04d_CH_TL	 0.00916	CH	9	TL	9	  193	 3983	109.170305676856
GeneConversion_04d_PP_CH	 0.00949	PP	10	CH	9	  148	 3822	105.374077976818
GeneConversion_04d_PP_CU	 0.00593	PP	10	CU	3	  100	 3583	168.634064080944
GeneConversion_04d_PP_TL	 0.00774	PP	10	TL	9	  177	 3183	129.198966408269
GeneConversion_04d_ST_CH	 0.00894	ST	8	CH	9	  150	 3295	111.856823266219
GeneConversion_04d_ST_CU	 0.00584	ST	8	CU	3	  69	 2844	171.232876712329
GeneConversion_04d_ST_PP	 0.00996	ST	8	PP	10	  149	 3647	100.401606425703
GeneConversion_04d_ST_TL	 0.01112	ST	8	TL	9	  174	 3896	89.9280575539568
GeneConversion_04d_TL_CU	 0.00467	TL	9	CU	3	  106	 2909	214.132762312634
GeneConversion_04e_AR_CH	 0.01435	AR	15	CH	9	  252	 6118	69.6864111498258
GeneConversion_04e_AR_CU	 0.00913	AR	15	CU	3	  101	 5594	109.529025191676
GeneConversion_04e_AR_PP	 0.01335	AR	15	PP	10	  164	 5577	74.9063670411985
GeneConversion_04e_AR_ST	 0.00560	AR	15	ST	8	  147	 2947	178.571428571429
GeneConversion_04e_AR_TL	 0.01561	AR	15	TL	9	  180	 6543	64.0614990390775
GeneConversion_04e_CH_CU	 0.00498	CH	9	CU	3	  160	 3401	200.803212851406
GeneConversion_04e_CH_TL	 0.01370	CH	9	TL	9	  284	 5687	72.992700729927
GeneConversion_04e_PP_CH	 0.01565	PP	10	CH	9	  327	 5732	63.8977635782748
GeneConversion_04e_PP_CU	 0.00944	PP	10	CU	3	  88	 5755	105.932203389831
GeneConversion_04e_PP_TL	 0.01361	PP	10	TL	9	  147	 5060	73.4753857457752
GeneConversion_04e_ST_CH	 0.01564	ST	8	CH	9	  118	 5587	63.9386189258312
GeneConversion_04e_ST_CU	 0.00912	ST	8	CU	3	  102	 4973	109.649122807018
GeneConversion_04e_ST_PP	 0.01469	ST	8	PP	10	  166	 5300	68.073519400953
GeneConversion_04e_ST_TL	 0.01647	ST	8	TL	9	  156	 5876	60.7164541590771
GeneConversion_04e_TL_CU	 0.00696	TL	9	CU	3	  78	 4318	143.67816091954
GeneConversion_05a_AR_CH	 0.01018	AR	15	CH	9	  161	 3796	98.2318271119843
GeneConversion_05a_AR_CU	 0.00692	AR	15	CU	3	  83	 3192	144.508670520231
GeneConversion_05a_AR_PP	 0.00878	AR	15	PP	10	  109	 3583	113.895216400911
GeneConversion_05a_AR_ST	 0.00394	AR	15	ST	8	  120	 1912	253.807106598985
GeneConversion_05a_AR_TL	 0.01158	AR	15	TL	9	  128	 4195	86.3557858376511
GeneConversion_05a_CH_CU	 0.00352	CH	9	CU	3	  117	 1763	284.090909090909
GeneConversion_05a_CH_TL	 0.00944	CH	9	TL	9	  214	 3376	105.932203389831
GeneConversion_05a_PP_CH	 0.01060	PP	10	CH	9	  244	 3444	94.3396226415094
GeneConversion_05a_PP_CU	 0.00630	PP	10	CU	3	  66	 2874	158.730158730159
GeneConversion_05a_PP_TL	 0.00939	PP	10	TL	9	  115	 3004	106.496272630458
GeneConversion_05a_ST_CH	 0.01108	ST	8	CH	9	  65	 3192	90.2527075812274
GeneConversion_05a_ST_CU	 0.00681	ST	8	CU	3	  36	 2866	146.842878120411
GeneConversion_05a_ST_PP	 0.00942	ST	8	PP	10	  85	 2884	106.157112526539
GeneConversion_05a_ST_TL	 0.01193	ST	8	TL	9	  79	 3415	83.8222967309304
GeneConversion_05a_TL_CU	 0.00450	TL	9	CU	3	  54	 2120	222.222222222222
GeneConversion_05b_AR_CH	 0.01632	AR	15	CH	9	  328	 5886	61.2745098039216
GeneConversion_05b_AR_CU	 0.01047	AR	15	CU	3	  80	 6005	95.5109837631328
GeneConversion_05b_AR_PP	 0.01510	AR	15	PP	10	  136	 5833	66.2251655629139
GeneConversion_05b_AR_ST	 0.00631	AR	15	ST	8	  114	 3161	158.478605388273
GeneConversion_05b_AR_TL	 0.01759	AR	15	TL	9	  158	 6469	56.8504832291074
GeneConversion_05b_CH_CU	 0.00677	CH	9	CU	3	  265	 4222	147.710487444609
GeneConversion_05b_CH_TL	 0.01613	CH	9	TL	9	  440	 5797	61.9962802231866
GeneConversion_05b_PP_CH	 0.01718	PP	10	CH	9	  472	 5764	58.2072176949942
GeneConversion_05b_PP_CU	 0.01015	PP	10	CU	3	  90	 5764	98.5221674876847
GeneConversion_05b_PP_TL	 0.01434	PP	10	TL	9	  157	 4986	69.7350069735007
GeneConversion_05b_ST_CH	 0.01726	ST	8	CH	9	  67	 5704	57.9374275782155
GeneConversion_05b_ST_CU	 0.00984	ST	8	CU	3	  57	 5016	101.626016260163
GeneConversion_05b_ST_PP	 0.01532	ST	8	PP	10	  117	 5369	65.2741514360313
GeneConversion_05b_ST_TL	 0.01765	ST	8	TL	9	  137	 5875	56.657223796034
GeneConversion_05b_TL_CU	 0.00800	TL	9	CU	3	  83	 4654	125
GeneConversion_05c_AR_CH	 0.01022	AR	15	CH	9	  358	 8456	97.8473581213307
GeneConversion_05c_AR_CU	 0.00873	AR	15	CU	3	  138	 8662	114.54753722795
GeneConversion_05c_AR_PP	 0.01269	AR	15	PP	10	  208	 8751	78.8022064617809
GeneConversion_05c_AR_ST	 0.00587	AR	15	ST	8	  192	 4749	170.357751277683
GeneConversion_05c_AR_TL	 0.01442	AR	15	TL	9	  264	 9374	69.3481276005548
GeneConversion_05c_CH_CU	 0.00485	CH	9	CU	3	  157	 5445	206.185567010309
GeneConversion_05c_CH_TL	 0.01127	CH	9	TL	9	  353	 7906	88.7311446317657
GeneConversion_05c_PP_CH	 0.01181	PP	10	CH	9	  356	 7869	84.6740050804403
GeneConversion_05c_PP_CU	 0.00807	PP	10	CU	3	  114	 8001	123.915737298637
GeneConversion_05c_PP_TL	 0.01080	PP	10	TL	9	  291	 6693	92.5925925925926
GeneConversion_05c_ST_CH	 0.00965	ST	8	CH	9	  147	 7441	103.626943005181
GeneConversion_05c_ST_CU	 0.00787	ST	8	CU	3	  98	 6558	127.064803049555
GeneConversion_05c_ST_PP	 0.01269	ST	8	PP	10	  172	 7379	78.8022064617809
GeneConversion_05c_ST_TL	 0.01424	ST	8	TL	9	  215	 7946	70.2247191011236
GeneConversion_05c_TL_CU	 0.00662	TL	9	CU	3	  142	 6701	151.057401812689
GeneConversion_06a_AR_CH	 0.01601	AR	15	CH	9	  130	 5880	62.4609618988132
GeneConversion_06a_AR_CU	 0.00898	AR	15	CU	3	  85	 6054	111.358574610245
GeneConversion_06a_AR_PP	 0.01623	AR	15	PP	10	  124	 5852	61.6142945163278
GeneConversion_06a_AR_ST	 0.00695	AR	15	ST	8	  122	 3347	143.884892086331
GeneConversion_06a_AR_TL	 0.01572	AR	15	TL	9	  156	 6298	63.6132315521628
GeneConversion_06a_CH_CU	 0.00483	CH	9	CU	3	  54	 3967	207.03933747412
GeneConversion_06a_CH_TL	 0.00940	CH	9	TL	9	  136	 4190	106.382978723404
GeneConversion_06a_PP_CH	 0.01583	PP	10	CH	9	  78	 5283	63.1711939355654
GeneConversion_06a_PP_CU	 0.00813	PP	10	CU	3	  60	 5518	123.0012300123
GeneConversion_06a_PP_TL	 0.01372	PP	10	TL	9	  114	 4945	72.8862973760933
GeneConversion_06a_ST_CH	 0.01631	ST	8	CH	9	  104	 5528	61.3120784794604
GeneConversion_06a_ST_CU	 0.00760	ST	8	CU	3	  70	 4143	131.578947368421
GeneConversion_06a_ST_PP	 0.01646	ST	8	PP	10	  106	 5467	60.7533414337789
GeneConversion_06a_ST_TL	 0.01521	ST	8	TL	9	  140	 5335	65.7462195923734
GeneConversion_06a_TL_CU	 0.00208	TL	9	CU	3	  88	 2147	480.769230769231
GeneConversion_07a_AR_CH	 0.01432	AR	15	CH	9	  287	 8369	69.8324022346369
GeneConversion_07a_AR_CU	 0.00930	AR	15	CU	3	  160	 8091	107.52688172043
GeneConversion_07a_AR_PP	 0.01623	AR	15	PP	10	  166	 7326	61.6142945163278
GeneConversion_07a_AR_ST	 0.00820	AR	15	ST	8	  146	 4296	121.951219512195
GeneConversion_07a_AR_TL	 0.01387	AR	15	TL	9	  291	 9496	72.0980533525595
GeneConversion_07a_CH_CU	 0.00297	CH	9	CU	3	  170	 3484	336.700336700337
GeneConversion_07a_CH_TL	 0.00622	CH	9	TL	9	  201	 5369	160.771704180064
GeneConversion_07a_PP_CH	 0.01627	PP	10	CH	9	  154	 7924	61.4628149969269
GeneConversion_07a_PP_CU	 0.01023	PP	10	CU	3	  48	 8639	97.7517106549365
GeneConversion_07a_PP_TL	 0.01400	PP	10	TL	9	  160	 7365	71.4285714285714
GeneConversion_07a_ST_CH	 0.01502	ST	8	CH	9	  162	 6875	66.577896138482
GeneConversion_07a_ST_CU	 0.00872	ST	8	CU	3	  58	 6056	114.678899082569
GeneConversion_07a_ST_PP	 0.01731	ST	8	PP	10	  73	 6886	57.7700751010976
GeneConversion_07a_ST_TL	 0.01389	ST	8	TL	9	  183	 6909	71.9942404607631
GeneConversion_07a_TL_CU	 0.00346	TL	9	CU	3	  167	 3739	289.017341040462
GeneConversion_07b_AR_CH	 0.01034	AR	15	CH	9	  244	 4881	96.7117988394584
GeneConversion_07b_AR_CU	 0.00607	AR	15	CU	3	  145	 4100	164.744645799012
GeneConversion_07b_AR_PP	 0.01189	AR	15	PP	10	  171	 4553	84.1042893187553
GeneConversion_07b_AR_ST	 0.00758	AR	15	ST	8	  149	 3138	131.926121372032
GeneConversion_07b_AR_TL	 0.00931	AR	15	TL	9	  184	 5735	107.411385606874
GeneConversion_07b_CH_CU	 0.00209	CH	9	CU	3	  96	 2029	478.468899521531
GeneConversion_07b_CH_TL	 0.00350	CH	9	TL	9	  104	 2760	285.714285714286
GeneConversion_07b_PP_CH	 0.01110	PP	10	CH	9	  123	 4320	90.0900900900901
GeneConversion_07b_PP_CU	 0.00688	PP	10	CU	3	  65	 4562	145.348837209302
GeneConversion_07b_PP_TL	 0.00831	PP	10	TL	9	  93	 3864	120.336943441637
GeneConversion_07b_ST_CH	 0.01160	ST	8	CH	9	  150	 4300	86.2068965517241
GeneConversion_07b_ST_CU	 0.00604	ST	8	CU	3	  56	 3193	165.562913907285
GeneConversion_07b_ST_PP	 0.01331	ST	8	PP	10	  116	 4271	75.1314800901578
GeneConversion_07b_ST_TL	 0.00990	ST	8	TL	9	  90	 4059	101.010101010101
GeneConversion_07b_TL_CU	 0.00185	TL	9	CU	3	  67	 1764	540.540540540541
GeneConversion_07c_AR_CH	 0.00992	AR	15	CH	9	  204	 4818	100.806451612903
GeneConversion_07c_AR_CU	 0.00642	AR	15	CU	3	  137	 4130	155.763239875389
GeneConversion_07c_AR_PP	 0.01061	AR	15	PP	10	  145	 4280	94.2507068803016
GeneConversion_07c_AR_ST	 0.00595	AR	15	ST	8	  139	 2659	168.067226890756
GeneConversion_07c_AR_TL	 0.01043	AR	15	TL	9	  179	 5226	95.8772770853308
GeneConversion_07c_CH_CU	 0.00155	CH	9	CU	3	  100	 1607	645.161290322581
GeneConversion_07c_CH_TL	 0.00361	CH	9	TL	9	  137	 2622	277.008310249308
GeneConversion_07c_PP_CH	 0.00981	PP	10	CH	9	  97	 3970	101.936799184506
GeneConversion_07c_PP_CU	 0.00647	PP	10	CU	3	  66	 4181	154.559505409583
GeneConversion_07c_PP_TL	 0.00884	PP	10	TL	9	  78	 3663	113.122171945701
GeneConversion_07c_ST_CH	 0.00956	ST	8	CH	9	  129	 3554	104.602510460251
GeneConversion_07c_ST_CU	 0.00541	ST	8	CU	3	  71	 2703	184.842883548983
GeneConversion_07c_ST_PP	 0.01107	ST	8	PP	10	  102	 3797	90.3342366757001
GeneConversion_07c_ST_TL	 0.01004	ST	8	TL	9	  102	 3727	99.601593625498
GeneConversion_07c_TL_CU	 0.00222	TL	9	CU	3	  90	 1980	450.45045045045
GeneConversion_07d_AR_CH	 0.00952	AR	15	CH	9	  268	 5577	105.042016806723
GeneConversion_07d_AR_CU	 0.00650	AR	15	CU	3	  179	 4795	153.846153846154
GeneConversion_07d_AR_PP	 0.01159	AR	15	PP	10	  158	 4954	86.2812769628991
GeneConversion_07d_AR_ST	 0.00602	AR	15	ST	8	  160	 3005	166.112956810631
GeneConversion_07d_AR_TL	 0.01059	AR	15	TL	9	  233	 5608	94.4287063267233
GeneConversion_07d_CH_CU	 0.00185	CH	9	CU	3	  123	 2131	540.540540540541
GeneConversion_07d_CH_TL	 0.00557	CH	9	TL	9	  179	 3597	179.533213644524
GeneConversion_07d_PP_CH	 0.01056	PP	10	CH	9	  119	 4569	94.6969696969697
GeneConversion_07d_PP_CU	 0.00737	PP	10	CU	3	  76	 5228	135.685210312076
GeneConversion_07d_PP_TL	 0.01051	PP	10	TL	9	  111	 4668	95.1474785918173
GeneConversion_07d_ST_CH	 0.00930	ST	8	CH	9	  144	 3855	107.52688172043
GeneConversion_07d_ST_CU	 0.00514	ST	8	CU	3	  75	 2720	194.552529182879
GeneConversion_07d_ST_PP	 0.01210	ST	8	PP	10	  99	 4351	82.6446280991736
GeneConversion_07d_ST_TL	 0.01062	ST	8	TL	9	  148	 4300	94.1619585687382
GeneConversion_07d_TL_CU	 0.00377	TL	9	CU	3	  128	 3206	265.25198938992
GeneConversion_07e_AR_CH	 0.01573	AR	15	CH	9	  234	 8602	63.5727908455181
GeneConversion_07e_AR_CU	 0.00888	AR	15	CU	3	  176	 7987	112.612612612613
GeneConversion_07e_AR_PP	 0.01651	AR	15	PP	10	  201	 7996	60.5693519079346
GeneConversion_07e_AR_ST	 0.00576	AR	15	ST	8	  175	 4091	173.611111111111
GeneConversion_07e_AR_TL	 0.01836	AR	15	TL	9	  208	 9671	54.4662309368192
GeneConversion_07e_CH_CU	 0.00187	CH	9	CU	3	  78	 2775	534.75935828877
GeneConversion_07e_CH_TL	 0.01577	CH	9	TL	9	  160	 8590	63.4115409004439
GeneConversion_07e_PP_CH	 0.01817	PP	10	CH	9	  127	 8788	55.0357732526142
GeneConversion_07e_PP_CU	 0.01016	PP	10	CU	3	  61	 8899	98.4251968503937
GeneConversion_07e_PP_TL	 0.01781	PP	10	TL	9	  126	 8421	56.1482313307131
GeneConversion_07e_ST_CH	 0.01579	ST	8	CH	9	  138	 7888	63.3312222925903
GeneConversion_07e_ST_CU	 0.00790	ST	8	CU	3	  56	 6035	126.582278481013
GeneConversion_07e_ST_PP	 0.01668	ST	8	PP	10	  100	 7906	59.9520383693046
GeneConversion_07e_ST_TL	 0.01825	ST	8	TL	9	  127	 8775	54.7945205479452
GeneConversion_07e_TL_CU	 0.00817	TL	9	CU	3	  88	 7292	122.399020807834
GeneConversion_08a_AR_CH	 0.00830	AR	15	CH	9	  435	 6826	120.481927710843
GeneConversion_08a_AR_CU	 0.00573	AR	15	CU	3	  264	 5926	174.520069808028
GeneConversion_08a_AR_PP	 0.00994	AR	15	PP	10	  289	 7182	100.603621730382
GeneConversion_08a_AR_ST	 0.00665	AR	15	ST	8	  298	 4606	150.375939849624
GeneConversion_08a_AR_TL	 0.01217	AR	15	TL	9	  342	 7858	82.1692686935086
GeneConversion_08a_CH_CU	 0.00171	CH	9	CU	3	  163	 2563	584.795321637427
GeneConversion_08a_CH_TL	 0.01023	CH	9	TL	9	  245	 7103	97.7517106549365
GeneConversion_08a_PP_CH	 0.00936	PP	10	CH	9	  240	 6518	106.837606837607
GeneConversion_08a_PP_CU	 0.00606	PP	10	CU	3	  150	 6075	165.016501650165
GeneConversion_08a_PP_TL	 0.00933	PP	10	TL	9	  239	 5886	107.181136120043
GeneConversion_08a_ST_CH	 0.00867	ST	8	CH	9	  223	 5322	115.340253748558
GeneConversion_08a_ST_CU	 0.00514	ST	8	CU	3	  151	 3991	194.552529182879
GeneConversion_08a_ST_PP	 0.01096	ST	8	PP	10	  250	 6153	91.2408759124088
GeneConversion_08a_ST_TL	 0.01261	ST	8	TL	9	  256	 6640	79.3021411578113
GeneConversion_08a_TL_CU	 0.00617	TL	9	CU	3	  136	 6115	162.074554294976
GeneConversion_08b_AR_CH	 0.00749	AR	15	CH	9	  247	 4151	133.511348464619
GeneConversion_08b_AR_CU	 0.00544	AR	15	CU	3	  180	 3315	183.823529411765
GeneConversion_08b_AR_PP	 0.00952	AR	15	PP	10	  212	 4180	105.042016806723
GeneConversion_08b_AR_ST	 0.00596	AR	15	ST	8	  227	 2889	167.785234899329
GeneConversion_08b_AR_TL	 0.01060	AR	15	TL	9	  258	 4744	94.3396226415094
GeneConversion_08b_CH_CU	 0.00155	CH	9	CU	3	  85	 1321	645.161290322581
GeneConversion_08b_CH_TL	 0.00817	CH	9	TL	9	  150	 4116	122.399020807834
GeneConversion_08b_PP_CH	 0.00832	PP	10	CH	9	  141	 3831	120.192307692308
GeneConversion_08b_PP_CU	 0.00574	PP	10	CU	3	  73	 3485	174.216027874564
GeneConversion_08b_PP_TL	 0.00767	PP	10	TL	9	  166	 3444	130.378096479791
GeneConversion_08b_ST_CH	 0.00700	ST	8	CH	9	  107	 3034	142.857142857143
GeneConversion_08b_ST_CU	 0.00431	ST	8	CU	3	  145	 2123	232.018561484919
GeneConversion_08b_ST_PP	 0.00984	ST	8	PP	10	  204	 3856	101.626016260163
GeneConversion_08b_ST_TL	 0.01032	ST	8	TL	9	  226	 4042	96.8992248062016
GeneConversion_08b_TL_CU	 0.00517	TL	9	CU	3	  103	 3175	193.423597678917
GeneConversion_08c_AR_CH	 0.00900	AR	15	CH	9	  334	 4707	111.111111111111
GeneConversion_08c_AR_CU	 0.00605	AR	15	CU	3	  199	 4444	165.289256198347
GeneConversion_08c_AR_PP	 0.01078	AR	15	PP	10	  222	 5333	92.7643784786642
GeneConversion_08c_AR_ST	 0.00754	AR	15	ST	8	  225	 3560	132.62599469496
GeneConversion_08c_AR_TL	 0.01166	AR	15	TL	9	  229	 5616	85.7632933104631
GeneConversion_08c_CH_CU	 0.00240	CH	9	CU	3	  154	 2479	416.666666666667
GeneConversion_08c_CH_TL	 0.01028	CH	9	TL	9	  197	 5295	97.2762645914397
GeneConversion_08c_PP_CH	 0.00998	PP	10	CH	9	  175	 4585	100.200400801603
GeneConversion_08c_PP_CU	 0.00639	PP	10	CU	3	  98	 4559	156.494522691706
GeneConversion_08c_PP_TL	 0.00829	PP	10	TL	9	  202	 4005	120.627261761158
GeneConversion_08c_ST_CH	 0.00920	ST	8	CH	9	  215	 3955	108.695652173913
GeneConversion_08c_ST_CU	 0.00486	ST	8	CU	3	  100	 2587	205.761316872428
GeneConversion_08c_ST_PP	 0.01120	ST	8	PP	10	  160	 4282	89.2857142857143
GeneConversion_08c_ST_TL	 0.01183	ST	8	TL	9	  156	 4601	84.530853761623
GeneConversion_08c_TL_CU	 0.00582	TL	9	CU	3	  105	 4223	171.821305841924
GeneConversion_08d_AR_CH	 0.00893	AR	15	CH	9	  402	 5136	111.982082866741
GeneConversion_08d_AR_CU	 0.00671	AR	15	CU	3	  235	 4551	149.03129657228
GeneConversion_08d_AR_PP	 0.01245	AR	15	PP	10	  257	 5707	80.3212851405623
GeneConversion_08d_AR_ST	 0.00740	AR	15	ST	8	  211	 3568	135.135135135135
GeneConversion_08d_AR_TL	 0.01386	AR	15	TL	9	  266	 6125	72.1500721500721
GeneConversion_08d_CH_CU	 0.00193	CH	9	CU	3	  130	 1939	518.134715025907
GeneConversion_08d_CH_TL	 0.01102	CH	9	TL	9	  258	 5531	90.7441016333938
GeneConversion_08d_PP_CH	 0.01092	PP	10	CH	9	  252	 5162	91.5750915750916
GeneConversion_08d_PP_CU	 0.00764	PP	10	CU	3	  91	 5046	130.890052356021
GeneConversion_08d_PP_TL	 0.01055	PP	10	TL	9	  183	 4599	94.7867298578199
GeneConversion_08d_ST_CH	 0.00886	ST	8	CH	9	  153	 4127	112.866817155756
GeneConversion_08d_ST_CU	 0.00585	ST	8	CU	3	  106	 3097	170.940170940171
GeneConversion_08d_ST_PP	 0.01334	ST	8	PP	10	  161	 5033	74.9625187406297
GeneConversion_08d_ST_TL	 0.01423	ST	8	TL	9	  177	 5254	70.2740688685875
GeneConversion_08d_TL_CU	 0.00704	TL	9	CU	3	  108	 4689	142.045454545455
GeneConversion_08e_AR_CH	 0.00787	AR	15	CH	9	  301	 4169	127.064803049555
GeneConversion_08e_AR_CU	 0.00639	AR	15	CU	3	  207	 4032	156.494522691706
GeneConversion_08e_AR_PP	 0.01438	AR	15	PP	10	  203	 4945	69.5410292072323
GeneConversion_08e_AR_ST	 0.00705	AR	15	ST	8	  184	 3330	141.843971631206
GeneConversion_08e_AR_TL	 0.01415	AR	15	TL	9	  209	 5668	70.6713780918728
GeneConversion_08e_CH_CU	 0.00300	CH	9	CU	3	  169	 2436	333.333333333333
GeneConversion_08e_CH_TL	 0.01214	CH	9	TL	9	  200	 5221	82.3723228995058
GeneConversion_08e_PP_CH	 0.01313	PP	10	CH	9	  212	 4894	76.1614623000762
GeneConversion_08e_PP_CU	 0.00874	PP	10	CU	3	  93	 5183	114.41647597254
GeneConversion_08e_PP_TL	 0.01189	PP	10	TL	9	  167	 4296	84.1042893187553
GeneConversion_08e_ST_CH	 0.00608	ST	8	CH	9	  112	 2899	164.473684210526
GeneConversion_08e_ST_CU	 0.00554	ST	8	CU	3	  60	 2797	180.505415162455
GeneConversion_08e_ST_PP	 0.01463	ST	8	PP	10	  114	 4680	68.3526999316473
GeneConversion_08e_ST_TL	 0.01391	ST	8	TL	9	  106	 4786	71.8907260963336
GeneConversion_08e_TL_CU	 0.00699	TL	9	CU	3	  82	 4190	143.061516452074
GeneConversion_08f_AR_CH	 0.00739	AR	15	CH	9	  259	 4488	135.31799729364
GeneConversion_08f_AR_CU	 0.00495	AR	15	CU	3	  191	 3630	202.020202020202
GeneConversion_08f_AR_PP	 0.00991	AR	15	PP	10	  216	 4818	100.908173562059
GeneConversion_08f_AR_ST	 0.00570	AR	15	ST	8	  197	 3105	175.438596491228
GeneConversion_08f_AR_TL	 0.01025	AR	15	TL	9	  197	 4967	97.5609756097561
GeneConversion_08f_CH_CU	 0.00182	CH	9	CU	3	  94	 1949	549.450549450549
GeneConversion_08f_CH_TL	 0.00787	CH	9	TL	9	  144	 4054	127.064803049555
GeneConversion_08f_PP_CH	 0.00845	PP	10	CH	9	  133	 3896	118.343195266272
GeneConversion_08f_PP_CU	 0.00553	PP	10	CU	3	  95	 3905	180.831826401447
GeneConversion_08f_PP_TL	 0.00617	PP	10	TL	9	  141	 3049	162.074554294976
GeneConversion_08f_ST_CH	 0.00694	ST	8	CH	9	  150	 3243	144.092219020173
GeneConversion_08f_ST_CU	 0.00414	ST	8	CU	3	  99	 2224	241.545893719807
GeneConversion_08f_ST_PP	 0.01017	ST	8	PP	10	  157	 4079	98.3284169124877
GeneConversion_08f_ST_TL	 0.01027	ST	8	TL	9	  166	 4174	97.3709834469328
GeneConversion_08f_TL_CU	 0.00459	TL	9	CU	3	  104	 3396	217.864923747277
GeneConversion_08g_AR_CH	 0.00870	AR	15	CH	9	  201	 4722	114.942528735632
GeneConversion_08g_AR_CU	 0.00586	AR	15	CU	3	  145	 4003	170.648464163823
GeneConversion_08g_AR_PP	 0.01017	AR	15	PP	10	  217	 4887	98.3284169124877
GeneConversion_08g_AR_ST	 0.00650	AR	15	ST	8	  170	 3027	153.846153846154
GeneConversion_08g_AR_TL	 0.01123	AR	15	TL	9	  227	 4945	89.0471950133571
GeneConversion_08g_CH_CU	 0.00186	CH	9	CU	3	  87	 1870	537.634408602151
GeneConversion_08g_CH_TL	 0.00916	CH	9	TL	9	  149	 4276	109.170305676856
GeneConversion_08g_PP_CH	 0.00948	PP	10	CH	9	  142	 4140	105.485232067511
GeneConversion_08g_PP_CU	 0.00589	PP	10	CU	3	  90	 3963	169.779286926995
GeneConversion_08g_PP_TL	 0.00779	PP	10	TL	9	  173	 3247	128.369704749679
GeneConversion_08g_ST_CH	 0.00924	ST	8	CH	9	  118	 3791	108.225108225108
GeneConversion_08g_ST_CU	 0.00534	ST	8	CU	3	  63	 2810	187.265917602996
GeneConversion_08g_ST_PP	 0.01103	ST	8	PP	10	  137	 4217	90.6618313689937
GeneConversion_08g_ST_TL	 0.01191	ST	8	TL	9	  135	 4357	83.9630562552477
GeneConversion_08g_TL_CU	 0.00527	TL	9	CU	3	  102	 3589	189.753320683112
GeneConversion_08h_AR_CH	 0.01085	AR	15	CH	9	  252	 5000	92.1658986175115
GeneConversion_08h_AR_CU	 0.00735	AR	15	CU	3	  173	 4343	136.054421768708
GeneConversion_08h_AR_PP	 0.01129	AR	15	PP	10	  173	 4907	88.5739592559788
GeneConversion_08h_AR_ST	 0.00791	AR	15	ST	8	  145	 3009	126.422250316056
GeneConversion_08h_AR_TL	 0.01257	AR	15	TL	9	  189	 5249	79.5544948289578
GeneConversion_08h_CH_CU	 0.00271	CH	9	CU	3	  71	 2191	369.0036900369
GeneConversion_08h_CH_TL	 0.01043	CH	9	TL	9	  139	 4659	95.8772770853308
GeneConversion_08h_PP_CH	 0.01090	PP	10	CH	9	  159	 4406	91.743119266055
GeneConversion_08h_PP_CU	 0.00689	PP	10	CU	3	  107	 4115	145.137880986938
GeneConversion_08h_PP_TL	 0.00768	PP	10	TL	9	  191	 3350	130.208333333333
GeneConversion_08h_ST_CH	 0.01136	ST	8	CH	9	  145	 3828	88.0281690140845
GeneConversion_08h_ST_CU	 0.00681	ST	8	CU	3	  83	 3229	146.842878120411
GeneConversion_08h_ST_PP	 0.01210	ST	8	PP	10	  135	 4050	82.6446280991736
GeneConversion_08h_ST_TL	 0.01306	ST	8	TL	9	  153	 4334	76.5696784073507
GeneConversion_08h_TL_CU	 0.00594	TL	9	CU	3	  98	 3664	168.350168350168
GeneConversion_08i_AR_CH	 0.01320	AR	15	CH	9	  189	 4899	75.7575757575758
GeneConversion_08i_AR_CU	 0.00788	AR	15	CU	3	  105	 4819	126.903553299492
GeneConversion_08i_AR_PP	 0.01274	AR	15	PP	10	  138	 5023	78.4929356357928
GeneConversion_08i_AR_ST	 0.00575	AR	15	ST	8	  110	 2931	173.913043478261
GeneConversion_08i_AR_TL	 0.01484	AR	15	TL	9	  148	 5521	67.3854447439353
GeneConversion_08i_CH_CU	 0.00347	CH	9	CU	3	  59	 2732	288.184438040346
GeneConversion_08i_CH_TL	 0.01371	CH	9	TL	9	  110	 4878	72.9394602479942
GeneConversion_08i_PP_CH	 0.01304	PP	10	CH	9	  142	 4530	76.6871165644172
GeneConversion_08i_PP_CU	 0.00717	PP	10	CU	3	  85	 4422	139.470013947001
GeneConversion_08i_PP_TL	 0.00994	PP	10	TL	9	  147	 3758	100.603621730382
GeneConversion_08i_ST_CH	 0.01135	ST	8	CH	9	  133	 3992	88.1057268722467
GeneConversion_08i_ST_CU	 0.00583	ST	8	CU	3	  65	 2925	171.526586620926
GeneConversion_08i_ST_PP	 0.01205	ST	8	PP	10	  117	 4285	82.9875518672199
GeneConversion_08i_ST_TL	 0.01379	ST	8	TL	9	  122	 4638	72.5163161711385
GeneConversion_08i_TL_CU	 0.00694	TL	9	CU	3	  73	 4297	144.092219020173
GeneConversion_08j_AR_CH	 0.01143	AR	15	CH	9	  234	 4661	87.4890638670166
GeneConversion_08j_AR_CU	 0.00745	AR	15	CU	3	  128	 4664	134.228187919463
GeneConversion_08j_AR_PP	 0.01151	AR	15	PP	10	  154	 4875	86.8809730668983
GeneConversion_08j_AR_ST	 0.00620	AR	15	ST	8	  148	 3002	161.290322580645
GeneConversion_08j_AR_TL	 0.01286	AR	15	TL	9	  158	 5401	77.7604976671851
GeneConversion_08j_CH_CU	 0.00415	CH	9	CU	3	  84	 3007	240.963855421687
GeneConversion_08j_CH_TL	 0.01204	CH	9	TL	9	  135	 4908	83.0564784053156
GeneConversion_08j_PP_CH	 0.01188	PP	10	CH	9	  157	 4480	84.1750841750842
GeneConversion_08j_PP_CU	 0.00688	PP	10	CU	3	  95	 4356	145.348837209302
GeneConversion_08j_PP_TL	 0.00830	PP	10	TL	9	  197	 3497	120.481927710843
GeneConversion_08j_ST_CH	 0.01139	ST	8	CH	9	  166	 4157	87.7963125548727
GeneConversion_08j_ST_CU	 0.00617	ST	8	CU	3	  73	 3128	162.074554294976
GeneConversion_08j_ST_PP	 0.01099	ST	8	PP	10	  132	 4072	90.9918107370337
GeneConversion_08j_ST_TL	 0.01231	ST	8	TL	9	  144	 4403	81.2347684809098
GeneConversion_08j_TL_CU	 0.00617	TL	9	CU	3	  80	 3942	162.074554294976
GeneConversion_08k_AR_CH	 0.00987	AR	15	CH	9	  305	 4845	101.317122593718
GeneConversion_08k_AR_CU	 0.00701	AR	15	CU	3	  204	 4466	142.65335235378
GeneConversion_08k_AR_PP	 0.01060	AR	15	PP	10	  215	 5288	94.3396226415094
GeneConversion_08k_AR_ST	 0.00708	AR	15	ST	8	  189	 3245	141.242937853107
GeneConversion_08k_AR_TL	 0.01176	AR	15	TL	9	  259	 5727	85.0340136054422
GeneConversion_08k_CH_CU	 0.00359	CH	9	CU	3	  92	 2772	278.551532033426
GeneConversion_08k_CH_TL	 0.00963	CH	9	TL	9	  180	 4724	103.842159916926
GeneConversion_08k_PP_CH	 0.01028	PP	10	CH	9	  182	 4541	97.2762645914397
GeneConversion_08k_PP_CU	 0.00619	PP	10	CU	3	  98	 4034	161.550888529887
GeneConversion_08k_PP_TL	 0.00730	PP	10	TL	9	  202	 3646	136.986301369863
GeneConversion_08k_ST_CH	 0.01091	ST	8	CH	9	  171	 4209	91.6590284142988
GeneConversion_08k_ST_CU	 0.00671	ST	8	CU	3	  96	 3425	149.03129657228
GeneConversion_08k_ST_PP	 0.01136	ST	8	PP	10	  152	 4394	88.0281690140845
GeneConversion_08k_ST_TL	 0.01207	ST	8	TL	9	  162	 4614	82.8500414250207
GeneConversion_08k_TL_CU	 0.00508	TL	9	CU	3	  84	 3489	196.850393700787
GeneConversion_08l_AR_CH	 0.01175	AR	15	CH	9	  326	 8460	85.1063829787234
GeneConversion_08l_AR_CU	 0.00772	AR	15	CU	3	  212	 9314	129.533678756477
GeneConversion_08l_AR_PP	 0.01220	AR	15	PP	10	  273	 9111	81.9672131147541
GeneConversion_08l_AR_ST	 0.00811	AR	15	ST	8	  239	 5920	123.304562268804
GeneConversion_08l_AR_TL	 0.01336	AR	15	TL	9	  311	 9832	74.8502994011976
GeneConversion_08l_CH_CU	 0.00549	CH	9	CU	3	  132	 7531	182.149362477231
GeneConversion_08l_CH_TL	 0.01198	CH	9	TL	9	  233	 8637	83.4724540901503
GeneConversion_08l_PP_CH	 0.01228	PP	10	CH	9	  221	 8099	81.4332247557003
GeneConversion_08l_PP_CU	 0.00668	PP	10	CU	3	  144	 8281	149.700598802395
GeneConversion_08l_PP_TL	 0.00881	PP	10	TL	9	  272	 6586	113.507377979569
GeneConversion_08l_ST_CH	 0.01266	ST	8	CH	9	  220	 7621	78.9889415481833
GeneConversion_08l_ST_CU	 0.00649	ST	8	CU	3	  110	 6097	154.083204930663
GeneConversion_08l_ST_PP	 0.01259	ST	8	PP	10	  209	 7763	79.428117553614
GeneConversion_08l_ST_TL	 0.01337	ST	8	TL	9	  232	 8152	74.794315632012
GeneConversion_08l_TL_CU	 0.00502	TL	9	CU	3	  160	 6557	199.203187250996
GeneConversion_09a_AR_CH	 0.01214	AR	15	CH	9	  206	 6324	82.3723228995058
GeneConversion_09a_AR_CU	 0.00772	AR	15	CU	3	  129	 6065	129.533678756477
GeneConversion_09a_AR_PP	 0.01033	AR	15	PP	10	  181	 6192	96.8054211035818
GeneConversion_09a_AR_ST	 0.00699	AR	15	ST	8	  176	 4394	143.061516452074
GeneConversion_09a_AR_TL	 0.01210	AR	15	TL	9	  215	 6921	82.6446280991736
GeneConversion_09a_CH_CU	 0.00577	CH	9	CU	3	  64	 4930	173.310225303293
GeneConversion_09a_CH_TL	 0.01140	CH	9	TL	9	  143	 6316	87.719298245614
GeneConversion_09a_PP_CH	 0.01198	PP	10	CH	9	  187	 5919	83.4724540901503
GeneConversion_09a_PP_CU	 0.00631	PP	10	CU	3	  138	 5005	158.478605388273
GeneConversion_09a_PP_TL	 0.00746	PP	10	TL	9	  249	 4361	134.048257372654
GeneConversion_09a_ST_CH	 0.01243	ST	8	CH	9	  176	 5798	80.450522928399
GeneConversion_09a_ST_CU	 0.00624	ST	8	CU	3	  108	 4021	160.25641025641
GeneConversion_09a_ST_PP	 0.01046	ST	8	PP	10	  177	 5170	95.6022944550669
GeneConversion_09a_ST_TL	 0.01165	ST	8	TL	9	  205	 5602	85.8369098712446
GeneConversion_09a_TL_CU	 0.00532	TL	9	CU	3	  125	 4397	187.96992481203
GeneConversion_09b_AR_CH	 0.01444	AR	15	CH	9	  140	 5516	69.2520775623269
GeneConversion_09b_AR_CU	 0.00912	AR	15	CU	3	  93	 5238	109.649122807018
GeneConversion_09b_AR_PP	 0.01212	AR	15	PP	10	  122	 5338	82.5082508250825
GeneConversion_09b_AR_ST	 0.00768	AR	15	ST	8	  112	 3054	130.208333333333
GeneConversion_09b_AR_TL	 0.01350	AR	15	TL	9	  145	 5836	74.0740740740741
GeneConversion_09b_CH_CU	 0.00644	CH	9	CU	3	  47	 4005	155.27950310559
GeneConversion_09b_CH_TL	 0.01270	CH	9	TL	9	  122	 5196	78.740157480315
GeneConversion_09b_PP_CH	 0.01353	PP	10	CH	9	  120	 4857	73.909830007391
GeneConversion_09b_PP_CU	 0.00741	PP	10	CU	3	  86	 4332	134.952766531714
GeneConversion_09b_PP_TL	 0.00854	PP	10	TL	9	  205	 3748	117.096018735363
GeneConversion_09b_ST_CH	 0.01436	ST	8	CH	9	  101	 4505	69.6378830083566
GeneConversion_09b_ST_CU	 0.00819	ST	8	CU	3	  73	 4147	122.100122100122
GeneConversion_09b_ST_PP	 0.01216	ST	8	PP	10	  116	 4194	82.2368421052632
GeneConversion_09b_ST_TL	 0.01326	ST	8	TL	9	  122	 4496	75.4147812971342
GeneConversion_09b_TL_CU	 0.00603	TL	9	CU	3	  86	 3678	165.837479270315
GeneConversion_09c_AR_CH	 0.01174	AR	15	CH	9	  333	 8423	85.1788756388416
GeneConversion_09c_AR_CU	 0.01064	AR	15	CU	3	  146	 8068	93.984962406015
GeneConversion_09c_AR_PP	 0.01475	AR	15	PP	10	  205	 8245	67.7966101694915
GeneConversion_09c_AR_ST	 0.01064	AR	15	ST	8	  180	 5719	93.984962406015
GeneConversion_09c_AR_TL	 0.01574	AR	15	TL	9	  251	 8634	63.5324015247776
GeneConversion_09c_CH_CU	 0.00554	CH	9	CU	3	  176	 4780	180.505415162455
GeneConversion_09c_CH_TL	 0.01137	CH	9	TL	9	  269	 6898	87.9507475813544
GeneConversion_09c_PP_CH	 0.01149	PP	10	CH	9	  244	 6546	87.0322019147084
GeneConversion_09c_PP_CU	 0.00814	PP	10	CU	3	  125	 6229	122.850122850123
GeneConversion_09c_PP_TL	 0.00828	PP	10	TL	9	  292	 4755	120.772946859903
GeneConversion_09c_ST_CH	 0.00968	ST	8	CH	9	  180	 6203	103.305785123967
GeneConversion_09c_ST_CU	 0.00863	ST	8	CU	3	  94	 5600	115.874855156431
GeneConversion_09c_ST_PP	 0.01426	ST	8	PP	10	  163	 6568	70.1262272089762
GeneConversion_09c_ST_TL	 0.01515	ST	8	TL	9	  204	 6781	66.006600660066
GeneConversion_09c_TL_CU	 0.00660	TL	9	CU	3	  165	 5214	151.515151515152
GeneConversion_10a_AR_CH	 0.01285	AR	15	CH	9	  248	 8702	77.8210116731517
GeneConversion_10a_AR_CU	 0.00752	AR	15	CU	3	  157	 8089	132.978723404255
GeneConversion_10a_AR_PP	 0.01222	AR	15	PP	10	  254	 8131	81.8330605564648
GeneConversion_10a_AR_ST	 0.00386	AR	15	ST	8	  274	 3817	259.067357512953
GeneConversion_10a_AR_TL	 0.01216	AR	15	TL	9	  229	 8917	82.2368421052632
GeneConversion_10a_CH_CU	 0.00437	CH	9	CU	3	  133	 5508	228.83295194508
GeneConversion_10a_CH_TL	 0.00672	CH	9	TL	9	  205	 5827	148.809523809524
GeneConversion_10a_PP_CH	 0.01292	PP	10	CH	9	  197	 7891	77.3993808049536
GeneConversion_10a_PP_CU	 0.00689	PP	10	CU	3	  108	 7477	145.137880986938
GeneConversion_10a_PP_TL	 0.01108	PP	10	TL	9	  187	 7243	90.2527075812274
GeneConversion_10a_ST_CH	 0.01229	ST	8	CH	9	  285	 7463	81.366965012205
GeneConversion_10a_ST_CU	 0.00601	ST	8	CU	3	  179	 5286	166.389351081531
GeneConversion_10a_ST_PP	 0.01193	ST	8	PP	10	  266	 7183	83.8222967309304
GeneConversion_10a_ST_TL	 0.01129	ST	8	TL	9	  244	 7188	88.5739592559788
GeneConversion_10a_TL_CU	 0.00118	TL	9	CU	3	  163	 2148	847.457627118644
GeneConversion_10b_AR_CH	 0.01653	AR	15	CH	9	  286	 10545	60.4960677555959
GeneConversion_10b_AR_CU	 0.01010	AR	15	CU	3	  184	 10106	99.009900990099
GeneConversion_10b_AR_PP	 0.01286	AR	15	PP	10	  357	 8669	77.7604976671851
GeneConversion_10b_AR_ST	 0.00532	AR	15	ST	8	  357	 4560	187.96992481203
GeneConversion_10b_AR_TL	 0.01596	AR	15	TL	9	  269	 10533	62.65664160401
GeneConversion_10b_CH_CU	 0.00463	CH	9	CU	3	  175	 5872	215.982721382289
GeneConversion_10b_CH_TL	 0.00670	CH	9	TL	9	  278	 5737	149.253731343284
GeneConversion_10b_PP_CH	 0.01600	PP	10	CH	9	  177	 9053	62.5
GeneConversion_10b_PP_CU	 0.00930	PP	10	CU	3	  116	 9353	107.52688172043
GeneConversion_10b_PP_TL	 0.01429	PP	10	TL	9	  170	 8346	69.9790062981106
GeneConversion_10b_ST_CH	 0.01628	ST	8	CH	9	  280	 8901	61.4250614250614
GeneConversion_10b_ST_CU	 0.00821	ST	8	CU	3	  197	 6399	121.802679658953
GeneConversion_10b_ST_PP	 0.01351	ST	8	PP	10	  233	 7667	74.019245003701
GeneConversion_10b_ST_TL	 0.01545	ST	8	TL	9	  258	 8543	64.7249190938511
GeneConversion_10b_TL_CU	 0.00174	TL	9	CU	3	  205	 2990	574.712643678161
GeneConversion_11a_AR_CH	 0.00979	AR	15	CH	9	  304	 6234	102.145045965271
GeneConversion_11a_AR_CU	 0.00660	AR	15	CU	3	  234	 6299	151.515151515152
GeneConversion_11a_AR_PP	 0.00871	AR	15	PP	10	  339	 5642	114.810562571757
GeneConversion_11a_AR_ST	 0.00255	AR	15	ST	8	  224	 2949	392.156862745098
GeneConversion_11a_AR_TL	 0.01043	AR	15	TL	9	  320	 7136	95.8772770853308
GeneConversion_11a_CH_CU	 0.00455	CH	9	CU	3	  115	 4986	219.78021978022
GeneConversion_11a_CH_TL	 0.00690	CH	9	TL	9	  182	 5595	144.927536231884
GeneConversion_11a_PP_CH	 0.01091	PP	10	CH	9	  204	 5908	91.6590284142988
GeneConversion_11a_PP_CU	 0.00664	PP	10	CU	3	  142	 6365	150.602409638554
GeneConversion_11a_PP_TL	 0.00997	PP	10	TL	9	  196	 6179	100.300902708124
GeneConversion_11a_ST_CH	 0.00971	ST	8	CH	9	  160	 5456	102.986611740474
GeneConversion_11a_ST_CU	 0.00509	ST	8	CU	3	  51	 3661	196.463654223969
GeneConversion_11a_ST_PP	 0.00887	ST	8	PP	10	  156	 5233	112.739571589628
GeneConversion_11a_ST_TL	 0.00997	ST	8	TL	9	  141	 5876	100.300902708124
GeneConversion_11a_TL_CU	 0.00173	TL	9	CU	3	  145	 2541	578.034682080925
GeneConversion_11b_AR_CH	 0.01136	AR	15	CH	9	  246	 4972	88.0281690140845
GeneConversion_11b_AR_CU	 0.00731	AR	15	CU	3	  153	 4900	136.798905608755
GeneConversion_11b_AR_PP	 0.00731	AR	15	PP	10	  242	 3587	136.798905608755
GeneConversion_11b_AR_ST	 0.00338	AR	15	ST	8	  179	 2114	295.85798816568
GeneConversion_11b_AR_TL	 0.01167	AR	15	TL	9	  255	 5213	85.6898029134533
GeneConversion_11b_CH_CU	 0.00520	CH	9	CU	3	  72	 3940	192.307692307692
GeneConversion_11b_CH_TL	 0.00861	CH	9	TL	9	  155	 4095	116.144018583043
GeneConversion_11b_PP_CH	 0.01163	PP	10	CH	9	  165	 4452	85.9845227858985
GeneConversion_11b_PP_CU	 0.00694	PP	10	CU	3	  120	 4688	144.092219020173
GeneConversion_11b_PP_TL	 0.01065	PP	10	TL	9	  175	 4470	93.8967136150235
GeneConversion_11b_ST_CH	 0.01144	ST	8	CH	9	  183	 4223	87.4125874125874
GeneConversion_11b_ST_CU	 0.00601	ST	8	CU	3	  110	 3112	166.389351081531
GeneConversion_11b_ST_PP	 0.00816	ST	8	PP	10	  114	 3455	122.549019607843
GeneConversion_11b_ST_TL	 0.01164	ST	8	TL	9	  196	 4516	85.9106529209622
GeneConversion_11b_TL_CU	 0.00288	TL	9	CU	3	  141	 2512	347.222222222222
GeneConversion_11c_AR_CH	 0.00838	AR	15	CH	9	  174	 3879	119.331742243437
GeneConversion_11c_AR_CU	 0.00496	AR	15	CU	3	  108	 3229	201.612903225806
GeneConversion_11c_AR_PP	 0.00236	AR	15	PP	10	  139	 1647	423.728813559322
GeneConversion_11c_AR_ST	 0.00157	AR	15	ST	8	  122	 1252	636.942675159236
GeneConversion_11c_AR_TL	 0.00864	AR	15	TL	9	  198	 4008	115.740740740741
GeneConversion_11c_CH_CU	 0.00434	CH	9	CU	3	  40	 3002	230.414746543779
GeneConversion_11c_CH_TL	 0.00743	CH	9	TL	9	  94	 3419	134.589502018843
GeneConversion_11c_PP_CH	 0.00908	PP	10	CH	9	  107	 3563	110.132158590308
GeneConversion_11c_PP_CU	 0.00529	PP	10	CU	3	  75	 3415	189.035916824197
GeneConversion_11c_PP_TL	 0.00864	PP	10	TL	9	  129	 3571	115.740740740741
GeneConversion_11c_ST_CH	 0.00937	ST	8	CH	9	  100	 3631	106.723585912487
GeneConversion_11c_ST_CU	 0.00498	ST	8	CU	3	  41	 2621	200.803212851406
GeneConversion_11c_ST_PP	 0.00380	ST	8	PP	10	  95	 2062	263.157894736842
GeneConversion_11c_ST_TL	 0.00963	ST	8	TL	9	  113	 3803	103.842159916926
GeneConversion_11c_TL_CU	 0.00173	TL	9	CU	3	  77	 1529	578.034682080925
GeneConversion_11d_AR_CH	 0.00894	AR	15	CH	9	  191	 4382	111.856823266219
GeneConversion_11d_AR_CU	 0.00607	AR	15	CU	3	  128	 4219	164.744645799012
GeneConversion_11d_AR_PP	 0.00052	AR	15	PP	10	  80	 724	1923.07692307692
GeneConversion_11d_AR_ST	 0.00088	AR	15	ST	8	  134	 877	1136.36363636364
GeneConversion_11d_AR_TL	 0.00901	AR	15	TL	9	  183	 4537	110.987791342952
GeneConversion_11d_CH_CU	 0.00425	CH	9	CU	3	  94	 3607	235.294117647059
GeneConversion_11d_CH_TL	 0.00609	CH	9	TL	9	  137	 3491	164.203612479475
GeneConversion_11d_PP_CH	 0.00868	PP	10	CH	9	  142	 3639	115.207373271889
GeneConversion_11d_PP_CU	 0.00624	PP	10	CU	3	  83	 4443	160.25641025641
GeneConversion_11d_PP_TL	 0.00878	PP	10	TL	9	  139	 3889	113.895216400911
GeneConversion_11d_ST_CH	 0.00867	ST	8	CH	9	  146	 3603	115.340253748558
GeneConversion_11d_ST_CU	 0.00431	ST	8	CU	3	  51	 2164	232.018561484919
GeneConversion_11d_ST_PP	 0.00086	ST	8	PP	10	  77	 762	1162.79069767442
GeneConversion_11d_ST_TL	 0.00861	ST	8	TL	9	  126	 3706	116.144018583043
GeneConversion_11d_TL_CU	 0.00203	TL	9	CU	3	  152	 2190	492.610837438424
GeneConversion_11e_AR_CH	 0.00832	AR	15	CH	9	  243	 5711	120.192307692308
GeneConversion_11e_AR_CU	 0.00566	AR	15	CU	3	  130	 5274	176.678445229682
GeneConversion_11e_AR_PP	 0.00047	AR	15	PP	10	  77	 938	2127.65957446809
GeneConversion_11e_AR_ST	 0.00153	AR	15	ST	8	  157	 1798	653.59477124183
GeneConversion_11e_AR_TL	 0.00816	AR	15	TL	9	  262	 5916	122.549019607843
GeneConversion_11e_CH_CU	 0.00419	CH	9	CU	3	  116	 4512	238.663484486874
GeneConversion_11e_CH_TL	 0.00664	CH	9	TL	9	  178	 4680	150.602409638554
GeneConversion_11e_PP_CH	 0.00801	PP	10	CH	9	  190	 4660	124.843945068664
GeneConversion_11e_PP_CU	 0.00574	PP	10	CU	3	  83	 5456	174.216027874564
GeneConversion_11e_PP_TL	 0.00766	PP	10	TL	9	  161	 4695	130.548302872063
GeneConversion_11e_ST_CH	 0.00892	ST	8	CH	9	  198	 5041	112.107623318386
GeneConversion_11e_ST_CU	 0.00483	ST	8	CU	3	  74	 3368	207.03933747412
GeneConversion_11e_ST_PP	 0.00134	ST	8	PP	10	  85	 1486	746.268656716418
GeneConversion_11e_ST_TL	 0.00866	ST	8	TL	9	  175	 5028	115.473441108545
GeneConversion_11e_TL_CU	 0.00279	TL	9	CU	3	  147	 3223	358.4229390681
GeneConversion_12a_AR_CH	 0.00850	AR	15	CH	9	  270	 6155	117.647058823529
GeneConversion_12a_AR_CU	 0.00582	AR	15	CU	3	  188	 5761	171.821305841924
GeneConversion_12a_AR_PP	 0.00033	AR	15	PP	10	  72	 794	3030.30303030303
GeneConversion_12a_AR_ST	 0.00115	AR	15	ST	8	  152	 1404	869.565217391304
GeneConversion_12a_AR_TL	 0.00983	AR	15	TL	9	  274	 6642	101.729399796541
GeneConversion_12a_CH_CU	 0.00408	CH	9	CU	3	  85	 4451	245.098039215686
GeneConversion_12a_CH_TL	 0.00982	CH	9	TL	9	  199	 6369	101.83299389002
GeneConversion_12a_PP_CH	 0.00813	PP	10	CH	9	  185	 5191	123.0012300123
GeneConversion_12a_PP_CU	 0.00577	PP	10	CU	3	  85	 5758	173.310225303293
GeneConversion_12a_PP_TL	 0.00941	PP	10	TL	9	  166	 5723	106.269925611052
GeneConversion_12a_ST_CH	 0.00857	ST	8	CH	9	  191	 4949	116.686114352392
GeneConversion_12a_ST_CU	 0.00536	ST	8	CU	3	  95	 4389	186.567164179104
GeneConversion_12a_ST_PP	 0.00081	ST	8	PP	10	  34	 1025	1234.56790123457
GeneConversion_12a_ST_TL	 0.00997	ST	8	TL	9	  192	 5503	100.300902708124
GeneConversion_12a_TL_CU	 0.00515	TL	9	CU	3	  122	 5124	194.174757281553
GeneConversion_13a_AR_CH	 0.01006	AR	15	CH	9	  131	 3725	99.403578528827
GeneConversion_13a_AR_CU	 0.00662	AR	15	CU	3	  83	 3277	151.057401812689
GeneConversion_13a_AR_PP	 0.00035	AR	15	PP	10	  46	 386	2857.14285714286
GeneConversion_13a_AR_ST	 0.00082	AR	15	ST	8	  95	 551	1219.51219512195
GeneConversion_13a_AR_TL	 0.00931	AR	15	TL	9	  121	 3556	107.411385606874
GeneConversion_13a_CH_CU	 0.00183	CH	9	CU	3	  87	 1378	546.448087431694
GeneConversion_13a_CH_TL	 0.00289	CH	9	TL	9	  130	 1481	346.020761245675
GeneConversion_13a_PP_CH	 0.00937	PP	10	CH	9	  95	 3031	106.723585912487
GeneConversion_13a_PP_CU	 0.00646	PP	10	CU	3	  33	 3248	154.798761609907
GeneConversion_13a_PP_TL	 0.00863	PP	10	TL	9	  86	 2783	115.874855156431
GeneConversion_13a_ST_CH	 0.00973	ST	8	CH	9	  81	 2818	102.774922918808
GeneConversion_13a_ST_CU	 0.00550	ST	8	CU	3	  34	 2118	181.818181818182
GeneConversion_13a_ST_PP	 0.00066	ST	8	PP	10	  29	 438	1515.15151515152
GeneConversion_13a_ST_TL	 0.00897	ST	8	TL	9	  85	 2665	111.482720178372
GeneConversion_13a_TL_CU	 0.00213	TL	9	CU	3	  93	 1409	469.483568075117
GeneConversion_14a_AR_CH	 0.00749	AR	15	CH	9	  241	 4284	133.511348464619
GeneConversion_14a_AR_CU	 0.00486	AR	15	CU	3	  199	 3821	205.761316872428
GeneConversion_14a_AR_PP	 0.00054	AR	15	PP	10	  83	 832	1851.85185185185
GeneConversion_14a_AR_ST	 0.00146	AR	15	ST	8	  155	 1227	684.931506849315
GeneConversion_14a_AR_TL	 0.00695	AR	15	TL	9	  276	 4416	143.884892086331
GeneConversion_14a_CH_CU	 0.00314	CH	9	CU	3	  106	 3075	318.471337579618
GeneConversion_14a_CH_TL	 0.00408	CH	9	TL	9	  167	 3069	245.098039215686
GeneConversion_14a_PP_CH	 0.00691	PP	10	CH	9	  152	 3572	144.717800289436
GeneConversion_14a_PP_CU	 0.00468	PP	10	CU	3	  114	 3783	213.675213675214
GeneConversion_14a_PP_TL	 0.00612	PP	10	TL	9	  168	 3306	163.398692810458
GeneConversion_14a_ST_CH	 0.00797	ST	8	CH	9	  195	 3703	125.470514429109
GeneConversion_14a_ST_CU	 0.00380	ST	8	CU	3	  110	 2153	263.157894736842
GeneConversion_14a_ST_PP	 0.00125	ST	8	PP	10	  67	 1055	800
GeneConversion_14a_ST_TL	 0.00722	ST	8	TL	9	  196	 3410	138.504155124654
GeneConversion_14a_TL_CU	 0.00127	TL	9	CU	3	  139	 1609	787.40157480315
GeneConversion_14b_AR_CH	 0.00223	AR	15	CH	9	  172	 1670	448.430493273543
GeneConversion_14b_AR_CU	 0.00224	AR	15	CU	3	  113	 1724	446.428571428571
GeneConversion_14b_AR_PP	 0.00049	AR	15	PP	10	  63	 572	2040.81632653061
GeneConversion_14b_AR_ST	 0.00133	AR	15	ST	8	  101	 871	751.87969924812
GeneConversion_14b_AR_TL	 0.00257	AR	15	TL	9	  173	 1949	389.105058365759
GeneConversion_14b_CH_CU	 0.00187	CH	9	CU	3	  107	 1677	534.75935828877
GeneConversion_14b_CH_TL	 0.00163	CH	9	TL	9	  119	 1303	613.496932515337
GeneConversion_14b_PP_CH	 0.00195	PP	10	CH	9	  115	 1260	512.820512820513
GeneConversion_14b_PP_CU	 0.00228	PP	10	CU	3	  69	 1820	438.59649122807
GeneConversion_14b_PP_TL	 0.00206	PP	10	TL	9	  88	 1258	485.436893203883
GeneConversion_14b_ST_CH	 0.00286	ST	8	CH	9	  130	 1525	349.65034965035
GeneConversion_14b_ST_CU	 0.00153	ST	8	CU	3	  64	 711	653.59477124183
GeneConversion_14b_ST_PP	 0.00130	ST	8	PP	10	  62	 842	769.230769230769
GeneConversion_14b_ST_TL	 0.00314	ST	8	TL	9	  128	 1560	318.471337579618
GeneConversion_14b_TL_CU	 0.00170	TL	9	CU	3	  113	 1552	588.235294117647
GeneConversion_14c_AR_CH	 0.00435	AR	15	CH	9	  142	 3847	229.885057471264
GeneConversion_14c_AR_CU	 0.00513	AR	15	CU	3	  161	 3495	194.931773879142
GeneConversion_14c_AR_PP	 0.00122	AR	15	PP	10	  70	 1250	819.672131147541
GeneConversion_14c_AR_ST	 0.00095	AR	15	ST	8	  74	 771	1052.63157894737
GeneConversion_14c_AR_TL	 0.00901	AR	15	TL	9	  184	 3836	110.987791342952
GeneConversion_14c_CH_CU	 0.00095	CH	9	CU	3	  25	 1075	1052.63157894737
GeneConversion_14c_CH_TL	 0.00178	CH	9	TL	9	  56	 1774	561.797752808989
GeneConversion_14c_PP_CH	 0.00404	PP	10	CH	9	  64	 3383	247.524752475248
GeneConversion_14c_PP_CU	 0.00448	PP	10	CU	3	  46	 3243	223.214285714286
GeneConversion_14c_PP_TL	 0.00797	PP	10	TL	9	  75	 3572	125.470514429109
GeneConversion_14c_ST_CH	 0.00383	ST	8	CH	9	  44	 2588	261.096605744125
GeneConversion_14c_ST_CU	 0.00416	ST	8	CU	3	  140	 2243	240.384615384615
GeneConversion_14c_ST_PP	 0.00187	ST	8	PP	10	  59	 1418	534.75935828877
GeneConversion_14c_ST_TL	 0.00871	ST	8	TL	9	  168	 3209	114.810562571757
GeneConversion_14c_TL_CU	 0.00093	TL	9	CU	3	  74	 1219	1075.2688172043
GeneConversion_14d_AR_CH	 0.00347	AR	15	CH	9	  163	 3717	288.184438040346
GeneConversion_14d_AR_CU	 0.00577	AR	15	CU	3	  209	 3796	173.310225303293
GeneConversion_14d_AR_PP	 0.00188	AR	15	PP	10	  100	 1512	531.914893617021
GeneConversion_14d_AR_ST	 0.00171	AR	15	ST	8	  102	 1141	584.795321637427
GeneConversion_14d_AR_TL	 0.01024	AR	15	TL	9	  275	 4384	97.65625
GeneConversion_14d_CH_CU	 0.00181	CH	9	CU	3	  51	 1662	552.486187845304
GeneConversion_14d_CH_TL	 0.00436	CH	9	TL	9	  84	 3537	229.357798165138
GeneConversion_14d_PP_CH	 0.00316	PP	10	CH	9	  131	 2702	316.455696202532
GeneConversion_14d_PP_CU	 0.00478	PP	10	CU	3	  119	 3350	209.205020920502
GeneConversion_14d_PP_TL	 0.00860	PP	10	TL	9	  163	 3841	116.279069767442
GeneConversion_14d_ST_CH	 0.00243	ST	8	CH	9	  48	 2017	411.522633744856
GeneConversion_14d_ST_CU	 0.00510	ST	8	CU	3	  113	 2637	196.078431372549
GeneConversion_14d_ST_PP	 0.00303	ST	8	PP	10	  87	 1948	330.03300330033
GeneConversion_14d_ST_TL	 0.01048	ST	8	TL	9	  171	 3844	95.4198473282443
GeneConversion_14d_TL_CU	 0.00079	TL	9	CU	3	  56	 990	1265.82278481013
GeneConversion_14e_AR_CH	 0.00097	AR	15	CH	9	  142	 1304	1030.92783505155
GeneConversion_14e_AR_CU	 0.00151	AR	15	CU	3	  131	 1552	662.251655629139
GeneConversion_14e_AR_PP	 0.00053	AR	15	PP	10	  68	 741	1886.79245283019
GeneConversion_14e_AR_ST	 0.00086	AR	15	ST	8	  136	 909	1162.79069767442
GeneConversion_14e_AR_TL	 0.00155	AR	15	TL	9	  194	 1385	645.161290322581
GeneConversion_14e_CH_CU	 0.00164	CH	9	CU	3	  104	 1876	609.756097560976
GeneConversion_14e_CH_TL	 0.00147	CH	9	TL	9	  128	 1310	680.272108843537
GeneConversion_14e_PP_CH	 0.00057	PP	10	CH	9	  61	 535	1754.38596491228
GeneConversion_14e_PP_CU	 0.00168	PP	10	CU	3	  99	 1776	595.238095238095
GeneConversion_14e_PP_TL	 0.00124	PP	10	TL	9	  83	 963	806.451612903226
GeneConversion_14e_ST_CH	 0.00064	ST	8	CH	9	  71	 553	1562.5
GeneConversion_14e_ST_CU	 0.00053	ST	8	CU	3	  39	 300	1886.79245283019
GeneConversion_14e_ST_PP	 0.00070	ST	8	PP	10	  74	 590	1428.57142857143
GeneConversion_14e_ST_TL	 0.00159	ST	8	TL	9	  107	 1139	628.930817610063
GeneConversion_14e_TL_CU	 0.00164	TL	9	CU	3	  155	 1893	609.756097560976
GeneConversion_14f_AR_CH	 0.00031	AR	15	CH	9	  53	 460	3225.8064516129
GeneConversion_14f_AR_CU	 0.00069	AR	15	CU	3	  59	 773	1449.27536231884
GeneConversion_14f_AR_PP	 0.00029	AR	15	PP	10	  36	 435	3448.27586206897
GeneConversion_14f_AR_ST	 0.00022	AR	15	ST	8	  39	 275	4545.45454545455
GeneConversion_14f_AR_TL	 0.00148	AR	15	TL	9	  98	 1144	675.675675675676
GeneConversion_14f_CH_CU	 0.00077	CH	9	CU	3	  65	 904	1298.7012987013
GeneConversion_14f_CH_TL	 0.00120	CH	9	TL	9	  59	 1045	833.333333333333
GeneConversion_14f_PP_CH	 0.00038	PP	10	CH	9	  33	 431	2631.57894736842
GeneConversion_14f_PP_CU	 0.00071	PP	10	CU	3	  38	 882	1408.45070422535
GeneConversion_14f_PP_TL	 0.00140	PP	10	TL	9	  54	 943	714.285714285714
GeneConversion_14f_ST_CH	 0.00027	ST	8	CH	9	  32	 255	3703.7037037037
GeneConversion_14f_ST_CU	 0.00028	ST	8	CU	3	  15	 191	3571.42857142857
GeneConversion_14f_ST_PP	 0.00028	ST	8	PP	10	  40	 267	3571.42857142857
GeneConversion_14f_ST_TL	 0.00139	ST	8	TL	9	  64	 942	719.424460431655
GeneConversion_14f_TL_CU	 0.00107	TL	9	CU	3	  57	 1143	934.579439252336
GeneConversion_14g_AR_CH	 0.00015	AR	15	CH	9	  24	 253	6666.66666666667
GeneConversion_14g_AR_CU	 0.00025	AR	15	CU	3	  29	 310	4000
GeneConversion_14g_AR_PP	 0.00023	AR	15	PP	10	  18	 349	4347.82608695652
GeneConversion_14g_AR_ST	 0.00021	AR	15	ST	8	  20	 323	4761.90476190476
GeneConversion_14g_AR_TL	 0.00044	AR	15	TL	9	  49	 497	2272.72727272727
GeneConversion_14g_CH_CU	 0.00032	CH	9	CU	3	  25	 388	3125
GeneConversion_14g_CH_TL	 0.00044	CH	9	TL	9	  41	 472	2272.72727272727
GeneConversion_14g_PP_CH	 0.00013	PP	10	CH	9	  21	 145	7692.30769230769
GeneConversion_14g_PP_CU	 0.00035	PP	10	CU	3	  25	 390	2857.14285714286
GeneConversion_14g_PP_TL	 0.00035	PP	10	TL	9	  29	 356	2857.14285714286
GeneConversion_14g_ST_CH	 0.00011	ST	8	CH	9	  20	 114	9090.90909090909
GeneConversion_14g_ST_CU	 0.00013	ST	8	CU	3	  6	 79	7692.30769230769
GeneConversion_14g_ST_PP	 0.00008	ST	8	PP	10	  17	 87	12500
GeneConversion_14g_ST_TL	 0.00041	ST	8	TL	9	  31	 414	2439.0243902439
GeneConversion_14g_TL_CU	 0.00032	TL	9	CU	3	  18	 394	3125
GeneConversion_14h_AR_CH	 0.00026	AR	15	CH	9	  37	 472	3846.15384615385
GeneConversion_14h_AR_CU	 0.00026	AR	15	CU	3	  24	 343	3846.15384615385
GeneConversion_14h_AR_PP	 0.00020	AR	15	PP	10	  17	 311	5000
GeneConversion_14h_AR_ST	 0.00031	AR	15	ST	8	  26	 417	3225.8064516129
GeneConversion_14h_AR_TL	 0.00049	AR	15	TL	9	  39	 622	2040.81632653061
GeneConversion_14h_CH_CU	 0.00040	CH	9	CU	3	  24	 503	2500
GeneConversion_14h_CH_TL	 0.00052	CH	9	TL	9	  27	 637	1923.07692307692
GeneConversion_14h_PP_CH	 0.00033	PP	10	CH	9	  19	 421	3030.30303030303
GeneConversion_14h_PP_CU	 0.00024	PP	10	CU	3	  20	 379	4166.66666666667
GeneConversion_14h_PP_TL	 0.00023	PP	10	TL	9	  25	 263	4347.82608695652
GeneConversion_14h_ST_CH	 0.00038	ST	8	CH	9	  21	 383	2631.57894736842
GeneConversion_14h_ST_CU	 0.00006	ST	8	CU	3	  8	 42	16666.6666666667
GeneConversion_14h_ST_PP	 0.00011	ST	8	PP	10	  18	 137	9090.90909090909
GeneConversion_14h_ST_TL	 0.00027	ST	8	TL	9	  26	 271	3703.7037037037
GeneConversion_14h_TL_CU	 0.00030	TL	9	CU	3	  17	 455	3333.33333333333
